1	58	4.0	882939201
1	13	3.5	880207587
1	141	4.0	890235588
1	126	5.0	887457121
1	115	3.5	883782655
1	72	3.5	882093772
1	53	5.0	885605832
1	280	4.5	876601676
1	45	3.0	882410287
1	217	4.0	875801815
1	17	3.0	885309557
1	16	3.0	888185566
1	48	3.5	883708603
1	112	1.5	876945631
1	120	2.0	881804119
1	259	3.0	885283547
1	14	2.5	881859272
1	288	4.0	891476131
1	102	2.5	887999913
1	215	2.0	890121223
1	113	5.0	879518685
1	230	3.5	883612613
1	143	3.5	879409926
1	4	2.0	883000155
1	82	3.0	892809786
1	175	3.5	883540855
1	80	2.5	889100563
1	111	4.0	888126367
1	173	3.0	886871295
1	195	3.0	882083893
1	50	3.0	879366353
1	184	5.0	891821575
1	177	3.5	891284353
1	136	2.5	877775123
1	23	4.5	876305673
1	236	2.5	878403924
1	275	3.5	879853213
1	64	1.5	880092815
1	194	2.0	888890047
1	41	3.5	876856346
1	283	4.0	887635358
1	151	3.5	887529728
1	186	3.5	890429858
1	296	3.0	892478841
1	99	2.0	883160767
1	36	3.0	875109949
1	24	3.0	878568428
1	117	4.5	892742444
1	149	4.0	883677877
1	52	1.5	886139104
1	233	4.0	878467779
1	187	3.0	884572940
1	84	3.0	889313011
1	190	4.0	880031603
1	182	4.5	889949151
1	108	4.5	874833604
1	137	2.5	883562579
1	37	3.0	891521592
1	88	4.0	880719272
1	274	4.5	891759680
2	55	3.0	881153406
2	153	3.5	881107061
2	260	2.5	892719473
2	102	2.5	889777682
2	79	4.5	879428447
2	192	5.0	888880708
2	83	3.5	880881546
2	277	4.5	884071134
2	272	4.0	890247932
2	1	3.0	883106823
2	166	4.0	877254207
2	251	5.0	889593710
2	10	3.5	893190563
2	58	5.0	878009981
2	186	1.0	876422172
2	158	4.5	892863831
2	123	3.5	875219901
2	30	3.0	877854089
2	124	3.5	882656289
2	291	1.5	880305184
2	41	3.5	888361702
2	44	4.0	891020122
2	249	5.0	890876418
2	36	3.0	881896879
2	273	2.5	888181389
2	65	3.0	876692187
2	66	4.5	880249015
2	244	4.0	887440937
2	282	3.0	874797032
2	85	4.0	887825090
2	136	3.5	883623447
2	271	4.5	889992257
2	217	3.0	884296085
2	109	3.0	888918485
2	103	3.0	891054692
2	160	2.0	879918829
2	205	4.0	881096625
2	225	4.0	884680572
2	265	3.5	882029539
2	232	3.5	876687083
2	62	2.0	892917762
2	127	3.0	876770106
2	116	3.0	885247541
2	33	2.5	876642858
2	174	3.5	876407207
2	11	4.0	890723077
2	284	5.0	891597568
2	118	3.5	892546345
2	113	4.0	880007275
2	4	3.5	876633271
2	37	1.5	891764606
2	31	3.5	877412804
2	35	3.5	880959961
2	17	5.0	877023904
2	170	3.5	877005098
2	264	4.0	882616843
2	122	3.5	888273169
2	143	2.5	878747437
2	110	4.5	882986326
2	68	4.5	876058218
2	293	4.5	877475616
2	296	2.5	888791563
2	243	5.0	892266387
2	125	2.0	885340320
2	209	4.0	883474554
2	98	5.0	881578511
2	49	2.5	885266971
2	50	3.0	882733681
2	221	3.5	883637254
2	182	3.0	888005079
2	211	2.0	879116256
2	240	3.5	884790941
2	28	2.5	890066620
2	51	4.0	885333856
2	32	2.5	877158853
2	207	5.0	875037284
2	56	2.5	890102220
2	128	3.0	878079524
3	276	4.5	884178881
3	110	2.5	881792268
3	260	3.5	886229863
3	136	5.0	881556302
3	68	2.0	883582539
3	179	3.5	891683423
3	36	4.0	891117118
3	126	4.5	883150940
3	190	2.5	876429238
3	146	2.0	877821732
3	81	4.0	888937554
3	225	4.0	884008557
3	279	4.0	876204016
3	155	4.0	874843683
3	271	3.0	885917010
3	5	3.5	879114289
3	284	4.0	883514470
3	154	3.0	880146501
3	54	5.0	889550249
3	69	4.0	893236033
3	60	2.5	889075501
3	55	4.0	875049171
3	80	2.5	878478574
3	140	4.5	877249474
4	77	4.5	880564098
4	280	2.5	884822912
4	19	4.5	888350331
4	190	4.0	893110431
4	299	4.5	874738331
4	283	5.0	884921061
4	76	3.5	884351936
4	221	2.5	881777270
4	66	2.5	889149362
4	22	2.5	885537599
4	158	3.5	890327124
4	187	4.0	889548588
4	21	4.0	889561130
4	184	4.5	881895339
4	108	3.5	891876863
4	128	5.0	890602203
4	53	3.0	880418608
4	182	5.0	877569976
4	287	4.0	884247001
4	209	2.5	892020409
4	80	2.5	885971761
4	122	4.0	877858264
4	84	3.5	882605592
4	91	4.0	885140658
4	212	4.0	882262399
4	13	3.5	881406401
4	92	2.5	879669088
4	171	2.0	875544290
4	211	3.0	876275385
4	137	4.5	882940262
4	82	3.5	890667640
4	56	2.5	877168419
4	196	3.5	890005940
4	20	4.0	888631042
4	241	2.5	881248873
4	114	3.5	887608889
4	103	3.5	891313255
4	236	2.5	888134834
4	180	4.0	882911469
4	157	4.0	879676382
4	117	4.5	874910763
4	115	4.5	878301186
4	99	2.0	888990249
4	205	2.5	882067800
4	169	4.0	880626487
4	143	4.0	892104488
4	36	4.0	890312417
4	261	5.0	876409759
4	275	4.0	883086416
4	170	4.5	878796828
4	15	4.5	890041027
4	60	4.0	879198827
4	134	3.0	890315549
4	298	4.5	892546538
4	136	2.5	885371462
4	223	3.5	889575009
4	177	3.0	891662254
4	161	3.5	889043753
4	224	5.0	893108242
4	262	1.5	889687087
4	198	4.0	880065163
4	296	2.0	890652141
4	98	3.0	889826545
4	131	4.5	883421735
4	23	3.5	883020698
4	1	2.5	884029734
4	267	3.0	892216629
4	276	4.0	890985087
4	101	3.0	882752469
4	64	3.5	883938671
4	154	3.5	889484385
4	260	3.0	877324619
4	159	5.0	884312155
4	210	4.0	882593008
4	168	1.5	883841956
4	207	3.5	885993883
4	152	3.0	885452382
4	284	4.5	892849211
4	216	2.5	877428447
4	195	3.5	879367773
5	119	4.0	891020151
5	197	4.5	875698621
5	79	2.5	887772592
5	110	3.0	886003345
5	33	3.0	888291326
5	213	3.0	880262692
5	209	5.0	890407720
5	170	4.0	879007188
5	278	2.0	892646925
5	239	4.5	875629553
5	32	5.0	887945835
5	106	4.5	875634103
5	216	2.0	877541519
5	200	3.0	889106568
5	300	5.0	879278029
5	11	3.0	890216739
5	295	4.0	880822524
5	195	4.5	876411982
5	245	2.5	883454107
5	4	3.5	887445324
5	181	1.0	885708842
5	153	2.5	881826850
5	215	3.0	889981887
5	276	2.5	885691835
5	280	5.0	886049349
5	113	2.0	887446074
5	250	3.0	884061452
5	140	3.5	888870078
5	224	5.0	883189537
6	42	2.0	880826243
6	241	4.5	891084171
6	10	3.5	881842271
6	277	2.5	886630660
6	27	4.0	883393578
6	180	3.5	886144586
6	115	3.0	884108491
6	36	3.5	883994745
6	21	3.0	875065324
6	16	3.5	892059843
6	127	4.0	881135499
6	103	5.0	877597404
6	11	2.5	882823275
6	79	5.0	888362174
6	123	1.5	891118662
6	65	3.5	882788643
6	243	4.0	890699743
6	59	4.0	891193941
6	289	3.0	889762952
6	112	3.5	875303297
6	239	3.0	877847062
6	132	3.0	884597617
6	189	4.5	882160251
6	86	4.0	888294160
6	84	3.0	882888676
6	160	4.5	884999279
6	56	4.0	887106981
6	297	4.5	890604696
6	14	4.0	892539493
6	295	2.5	886259294
6	193	3.0	889002248
6	204	4.0	893192682
6	102	4.0	885824224
6	39	3.5	886529512
6	125	3.5	889949874
6	53	5.0	883815156
6	155	3.0	885013270
6	62	4.0	883160417
6	290	3.5	882460283
6	22	3.5	878773249
6	178	4.5	881186766
6	273	4.5	885312742
6	220	4.5	878736301
6	190	5.0	892705320
6	260	3.5	880937307
6	175	4.0	881151758
6	7	3.0	881985373
6	216	4.0	890971718
6	251	3.5	884002497
6	55	3.5	892328602
6	222	4.0	884220570
6	186	2.5	878097806
6	236	5.0	881238215
6	223	2.5	884665091
6	91	2.5	882357778
6	268	4.5	886833869
6	139	4.5	880745769
6	276	4.0	884867127
6	248	4.0	875199450
6	224	3.5	892647309
6	138	2.5	878972129
6	166	3.5	883929070
6	126	3.0	876251963
6	45	4.5	876554299
6	143	3.5	884527189
6	231	2.5	878961946
6	238	3.0	891195865
6	292	4.0	878166980
6	195	3.0	875136268
6	173	2.5	884265554
6	15	3.5	890475057
6	254	3.5	890787693
6	167	3.0	889504390
7	95	3.0	888432285
7	27	3.5	889841105
7	130	2.0	890492356
7	245	2.0	884497750
7	59	3.0	875819921
7	34	3.5	882491763
7	206	4.0	884391905
7	252	5.0	884211164
7	38	4.5	889959473
7	296	3.5	877113106
7	28	3.5	882557113
7	78	2.5	883601690
7	77	3.5	881362421
7	289	3.0	888990006
7	156	4.0	878575963
7	44	2.5	892997191
7	128	4.0	882268063
7	61	5.0	879723964
7	286	3.5	883637856
7	214	4.0	879497367
7	116	4.0	877120826
7	268	3.0	876725830
7	195	3.5	880292154
7	231	3.5	885046449
7	227	3.5	884408874
7	153	2.5	889460254
7	220	3.5	878897326
7	157	4.0	890451604
7	292	5.0	884928317
7	31	4.5	888230654
7	51	5.0	883859776
7	107	2.5	891517769
7	109	4.5	892843484
7	136	3.5	891293728
7	42	5.0	889413460
7	81	2.5	877423890
7	123	2.5	876062215
7	89	3.0	889221186
7	283	1.5	885540027
7	39	3.0	883125662
7	2	2.5	875592591
8	118	3.5	884395694
8	295	4.0	888161657
8	11	5.0	893182889
8	138	4.5	875956061
8	296	3.0	889986135
8	21	2.5	877679506
8	90	4.0	885278154
8	241	2.0	883193810
8	266	5.0	885571978
8	227	4.5	878614393
8	143	3.0	888286574
8	93	2.0	891991694
8	300	5.0	874763333
8	224	3.5	892931129
8	252	4.5	890226063
8	47	2.0	888590997
8	179	3.0	876543497
8	210	3.5	881018935
8	171	3.5	892120649
8	165	3.0	886864010
8	54	4.0	891451362
8	83	2.5	889557143
8	169	3.5	876456513
8	211	3.5	881554991
8	254	4.0	883685630
9	68	4.0	890595159
9	148	2.5	887516704
9	225	2.0	887679363
9	249	5.0	879828517
9	63	4.0	891345181
9	15	3.0	875966882
9	123	5.0	878960831
9	82	3.5	891578804
9	160	4.5	885864603
9	283	3.5	878092387
9	8	5.0	889498934
9	209	5.0	878070479
9	48	3.5	892372699
9	116	4.5	890056672
9	59	4.0	875239689
9	237	5.0	879561763
9	61	2.5	888481309
9	79	4.0	879904213
9	256	4.5	877235529
9	150	1.5	890478200
9	261	2.5	883617398
9	140	1.5	886084939
9	213	3.0	888062037
9	248	4.0	877419644
9	242	5.0	885749541
9	125	3.5	892630103
9	234	5.0	887475709
9	75	2.0	885350095
9	197	2.0	891097510
9	98	3.5	892878195
9	70	4.0	875929283
9	36	3.5	877020529
9	142	1.5	882602292
9	175	3.5	884367549
9	260	2.0	882357882
9	137	4.0	877757337
9	2	4.0	889286376
9	145	2.5	878027913
9	153	3.0	878097173
9	297	2.5	889612091
9	251	3.5	880306985
9	77	4.5	884773124
9	229	2.5	875696018
9	276	4.0	876267910
9	177	3.0	885608917
9	171	2.5	876607758
9	279	3.5	884568499
9	194	2.5	886752743
9	165	3.0	887302289
9	97	2.5	889176160
9	293	5.0	879609221
9	120	3.5	882918616
9	211	3.0	892547694
9	23	3.5	888550872
9	163	3.5	880766416
10	90	3.5	886769380
10	41	4.0	884652539
10	196	4.5	884631010
10	124	3.0	875460880
10	255	3.0	888005746
10	299	3.0	883934743
10	74	1.0	874996432
10	119	2.0	876370361
10	237	5.0	891392111
10	131	5.0	884327792
10	236	3.5	882446201
10	5	4.0	886546639
10	239	4.0	882073282
10	148	5.0	881104480
10	280	4.5	883134349
10	81	3.5	879314259
10	38	2.5	877984990
10	227	2.0	876047512
10	177	3.5	885090777
10	154	2.5	889516281
10	218	2.0	875844237
10	129	3.0	886967421
10	234	2.5	879134158
10	155	5.0	877749084
10	102	4.5	884626973
10	197	3.5	885687584
10	248	5.0	888666680
10	55	3.5	880618212
10	122	2.5	881462265
10	293	5.0	879159256
11	277	4.0	875441347
11	188	2.5	876421843
11	272	3.5	885915420
11	257	2.5	882897525
11	140	2.0	878950014
11	85	4.5	881610266
11	132	5.0	877026884
11	247	2.0	881675757
11	152	4.0	881970834
11	174	3.0	882542848
11	59	3.0	885749339
11	240	3.0	879675806
11	39	2.5	874819855
11	73	3.5	884028509
11	116	2.5	879579632
11	204	4.0	879086522
11	286	3.5	892851332
11	47	3.5	883135269
11	203	2.5	880579861
11	8	3.0	878413226
11	136	4.5	875589748
11	275	4.0	879147292
11	64	2.5	875223339
11	233	3.5	886745326
11	189	4.5	882708369
11	135	2.0	885588677
11	300	4.0	875254235
11	196	3.0	880571442
11	191	4.0	883628966
11	56	2.5	876482929
11	120	1.5	878978020
11	242	2.0	888849802
11	13	3.5	892377211
11	288	4.0	878538147
11	168	2.5	876857363
11	114	4.0	890704872
11	33	2.0	889766330
11	238	3.5	886872722
11	155	2.5	891946118
11	210	3.0	878383955
11	60	3.5	889891495
11	72	2.5	891630731
11	24	3.0	882158686
11	20	4.5	876179799
11	156	3.0	892221709
11	253	4.5	884845744
11	50	2.5	890094066
11	121	4.0	875769952
11	276	5.0	876765671
11	70	1.0	890796675
11	199	2.5	888200748
11	190	4.0	889028079
11	215	3.5	878347307
11	80	4.0	891175402
11	213	3.0	889608192
11	51	3.5	877190649
11	251	3.5	877435588
11	209	4.5	885532989
11	144	4.0	879701967
11	17	4.0	876928640
11	112	3.0	878958997
11	228	3.0	883952715
11	186	3.0	893124498
11	279	4.0	885636122
11	184	3.0	887505740
11	32	4.0	892527243
11	142	5.0	884619836
11	98	4.5	889948873
11	63	3.0	891688189
11	109	4.5	889159804
12	59	3.0	876737337
12	283	1.5	885785793
12	111	2.5	878826111
12	221	1.5	888509160
12	232	3.0	886589492
12	117	3.5	888916115
12	212	5.0	876450953
12	174	4.0	884375951
12	233	3.5	885208755
12	205	4.5	886523998
12	213	1.5	878200968
12	49	3.5	891750649
12	161	4.5	881863039
12	219	2.0	879916593
12	131	4.5	890904301
12	192	4.0	882249119
12	79	3.0	878355916
12	243	4.0	886472586
12	35	5.0	887058012
12	47	3.5	878579621
12	44	3.5	884071908
12	48	3.0	882313349
12	222	2.5	889123333
12	50	4.5	875605642
12	191	2.5	883698766
12	67	3.5	875696217
13	140	3.0	891020812
13	159	4.0	889557251
13	174	4.0	888622410
13	180	4.5	883890668
13	4	3.0	881958004
13	93	3.0	891916199
13	74	2.5	878543791
13	290	3.0	886306789
13	206	4.0	889150217
13	36	4.5	878445553
13	73	2.5	884228884
13	16	4.5	891053395
13	47	5.0	892405684
13	272	4.0	885073547
13	111	5.0	876248663
13	193	2.5	882124080
13	215	2.5	887987548
13	233	1.5	876562887
13	175	5.0	874982645
13	81	4.0	881584011
13	190	3.5	884838665
13	160	4.0	881812546
13	167	2.5	879329545
13	291	5.0	883298521
13	44	3.5	884436944
13	27	3.5	885734669
13	80	4.0	878750716
13	26	4.0	874984082
13	42	3.5	891414192
13	227	2.5	889175094
13	218	4.0	880620049
14	195	5.0	889343588
14	273	5.0	888161576
14	118	5.0	892305975
14	257	3.0	877363668
14	287	2.5	888004436
14	182	3.5	885135796
14	37	3.5	886116885
14	204	4.5	882159434
14	22	2.0	885900638
14	224	5.0	880366307
14	10	3.5	877287576
14	236	3.0	891853686
14	40	2.5	878550809
14	161	2.0	892528853
14	295	4.5	891835861
14	220	3.5	881231038
14	294	2.0	886447798
14	208	2.0	886505662
14	214	3.0	879680358
14	149	5.0	882652577
14	59	3.0	878174257
14	11	2.0	879638562
14	167	3.5	883313578
14	88	3.0	881344053
14	186	1.0	880546371
14	46	3.5	879854168
14	55	3.5	877253146
14	125	4.0	880668747
15	253	5.0	886865646
15	238	4.5	875336425
15	289	3.0	886891468
15	297	2.5	885088535
15	230	5.0	880773329
15	290	3.5	881911823
15	166	3.5	886191344
15	162	3.5	891041254
15	78	3.5	881167336
15	226	3.5	882326233
15	35	3.0	879340637
15	241	3.0	879923807
15	227	3.5	877313940
15	156	3.0	884649845
15	141	3.0	878118430
15	29	3.5	891759949
15	181	3.0	892836411
15	260	5.0	892392179
15	38	1.0	875991305
15	159	4.5	886024647
15	237	4.5	879121986
15	232	1.5	887365331
15	20	3.0	879900573
15	30	3.0	880168823
15	189	2.0	880792893
15	147	2.5	880279282
15	40	2.5	889410592
15	47	5.0	876190784
15	197	4.5	888510837
15	298	5.0	886948569
15	284	4.0	882694900
15	22	2.5	889629545
15	231	3.0	884285304
15	293	4.0	889788232
15	97	2.5	882576545
15	165	4.0	892643150
15	244	3.5	882749873
15	257	3.0	885108729
15	32	4.0	890462262
15	53	4.0	881234812
15	176	3.0	887067404
15	44	4.5	889508705
15	259	2.5	890216119
15	89	4.0	884179400
15	21	4.0	887538222
15	127	3.0	891599458
15	225	4.0	892423323
15	269	2.0	888772636
15	268	4.5	880162479
15	82	3.5	881425453
15	187	3.0	879368594
15	191	4.5	883113425
15	145	3.0	876475573
15	199	2.0	890850656
15	210	2.0	887180521
15	174	4.0	878167050
15	27	2.0	892035756
15	172	5.0	878908201
15	34	1.5	884289837
15	169	5.0	877539092
15	49	3.5	880103899
15	286	3.5	883878067
15	198	3.0	889801361
15	146	4.0	891949969
15	130	3.5	879668910
15	77	4.5	889403853
15	171	3.5	877802106
15	42	3.5	882175069
15	299	3.0	889862053
15	73	3.5	886454838
15	180	4.0	875619613
15	201	2.0	888646340
15	67	2.0	876511714
15	287	4.0	888027497
15	193	3.5	891569273
15	66	3.5	887272775
15	270	3.5	882636109
15	48	4.0	887682294
15	217	3.0	877462934
15	261	2.5	887304691
16	15	3.5	892017849
16	164	2.5	882842806
16	51	4.0	879542349
16	172	2.0	884498176
16	75	4.5	889127577
16	71	4.0	874777200
16	20	4.0	886563251
16	147	4.5	882796706
16	242	5.0	888702399
16	72	4.5	881009921
16	241	1.5	877597437
16	230	2.0	892289936
16	3	3.0	886824564
16	41	3.5	876995651
16	10	4.0	892376335
16	132	3.0	892981071
16	111	3.5	891747802
16	77	2.5	891757697
16	281	3.0	875407016
16	271	2.0	887826163
16	217	2.5	890499825
16	57	2.0	876185482
16	148	2.5	887706292
16	122	4.5	887250659
16	155	2.5	883235800
16	63	5.0	875269708
16	25	4.0	886706792
16	123	3.5	876991632
16	215	2.5	886294361
16	235	4.0	882815553
16	33	3.0	878203092
16	256	3.5	885882183
16	275	5.0	879201193
16	9	3.5	876212368
17	280	4.5	880779824
17	174	3.0	893027793
17	90	3.5	884581875
17	238	5.0	885502777
17	246	3.0	878167324
17	94	5.0	877411376
17	70	4.0	885727876
17	33	3.0	884644740
17	235	4.0	885009004
17	19	4.5	889687160
17	151	4.0	889022792
17	104	2.0	880316380
17	23	3.0	889619803
17	103	3.5	886520669
17	22	3.5	889727891
17	162	4.0	876145913
17	159	3.5	886554637
17	264	2.0	889318891
17	204	4.0	883937259
17	279	4.0	876649327
17	243	4.0	877242673
17	130	4.5	888354863
17	98	4.5	886915408
17	147	4.0	891941019
17	183	3.5	880092973
17	25	2.0	875769615
17	170	4.0	879515593
17	140	3.5	889427350
17	64	4.0	875892369
17	189	2.0	878960286
17	224	2.5	876980687
17	205	4.5	882643400
17	226	3.5	887016653
17	198	4.0	886876467
17	96	3.5	887571171
17	255	3.5	875811381
17	266	4.5	879873240
17	137	3.0	889821606
17	43	3.5	887172213
17	218	3.0	887207407
17	41	3.0	889620840
17	221	3.0	877304556
18	71	3.5	877199373
18	272	3.0	878929978
18	188	5.0	885362393
18	204	2.5	877213275
18	161	3.5	889823348
18	143	3.0	890355478
18	128	5.0	892084431
18	59	3.5	886284707
18	14	4.5	879030904
18	96	2.0	893223383
18	256	4.0	880830379
18	266	4.5	879054337
18	199	3.5	889240970
18	288	4.5	891598018
18	61	3.0	876584056
18	135	5.0	878890865
18	134	5.0	892109332
18	229	3.0	879859057
18	110	3.0	884929436
18	147	5.0	880249684
18	252	5.0	880159419
18	103	3.0	885551408
18	63	3.0	882290237
18	70	3.0	886335317
18	38	2.0	892136030
18	232	2.5	884255789
18	89	2.5	877370809
18	228	2.5	883133628
18	45	3.5	881311509
18	164	3.5	893207880
18	178	5.0	883933758
18	34	2.5	878924728
18	282	4.5	884885817
18	278	3.5	892625262
18	149	3.5	877859647
18	154	4.0	891588266
18	81	2.5	880383191
18	90	4.0	879898611
18	186	3.5	880469249
18	261	4.0	886053343
18	115	4.0	876106961
18	72	5.0	875676766
18	122	3.0	877450096
18	253	3.0	876250154
18	185	3.0	883605088
18	284	3.0	881798265
18	294	3.0	888703042
18	189	4.5	875740936
18	240	5.0	891436094
18	283	3.0	893031252
18	67	2.5	884444477
18	159	4.0	884861306
18	246	3.0	890929649
18	270	4.0	882941449
18	211	3.5	888350914
18	210	2.0	884704934
19	38	5.0	876420564
19	31	5.0	884165462
19	81	3.0	891330603
19	226	3.0	890514984
19	213	4.0	884312834
19	248	4.0	892733063
19	238	4.0	874999098
19	105	5.0	878331713
19	175	3.5	889184246
19	74	2.5	879218820
19	161	2.0	883598947
19	164	3.0	886998170
19	177	3.5	888255671
19	205	5.0	887003530
19	67	3.0	876242792
19	190	3.5	888165998
19	264	3.5	876441277
19	288	4.5	881256258
19	55	5.0	886888989
19	124	3.0	884408576
19	239	3.0	877192026
19	63	4.5	887688425
19	137	4.0	891644717
19	231	5.0	889836095
19	127	4.0	893174852
19	73	3.0	884110578
19	50	4.0	878711346
19	26	4.5	879041936
19	149	4.5	877968802
19	197	4.0	887941925
19	215	4.5	887247168
19	128	4.5	886102524
19	82	5.0	886992424
19	168	4.0	879565519
19	296	3.5	881403984
19	98	3.5	891808026
19	256	4.5	888193025
19	240	2.5	891504540
19	158	4.0	876075440
19	255	3.0	876244838
19	12	3.5	876030446
19	47	5.0	879322887
19	202	3.5	885899701
19	259	3.5	890620925
19	235	2.0	892150624
19	111	4.0	890058701
19	299	4.0	879722329
19	181	5.0	892022212
19	25	3.0	879414981
20	164	3.5	881566179
20	84	3.5	888494690
20	202	5.0	891562978
20	154	3.5	890549163
20	173	4.0	876814523
20	260	4.0	879357989
20	261	3.5	892128830
20	273	3.0	881681943
20	251	3.5	885631562
20	289	4.5	890776176
20	244	2.5	892356797
20	9	3.5	887368851
20	189	3.0	885252500
20	170	4.5	880535747
20	57	2.0	890148458
20	214	3.0	892613485
20	299	4.0	886211298
20	158	5.0	893054597
20	14	3.5	886612608
20	243	3.0	883595232
20	136	5.0	890971098
20	297	2.0	881176024
20	296	1.5	882996519
20	117	4.0	884086611
20	27	3.0	884740679
20	246	2.5	882269995
20	88	4.0	884710997
20	269	3.5	884422079
20	195	3.0	881679798
20	76	2.0	891132930
20	125	4.5	885362832
20	17	4.0	890824241
20	294	3.5	886428602
20	98	5.0	883900422
20	10	2.5	884381319
20	226	2.0	878814126
20	161	3.0	892951171
20	215	3.5	887465132
20	78	3.5	887963022
20	212	3.5	886305507
21	75	4.0	884624081
21	149	2.0	881206127
21	22	5.0	880613342
21	148	3.5	888330709
21	41	4.5	889076049
21	178	4.0	892014659
21	227	4.0	885728102
21	132	4.0	877635146
21	246	4.0	888174441
21	110	4.0	877925303
21	104	5.0	880924938
21	276	3.5	879442861
21	139	4.0	890745411
21	288	3.5	885582980
21	140	5.0	883047789
21	71	3.0	874953890
21	56	5.0	883475211
21	123	3.5	887595330
21	125	2.0	882627491
21	26	3.5	889714666
21	272	3.0	883683552
21	116	4.5	885785099
21	120	3.0	884856331
21	27	3.0	875108429
21	52	1.5	883500977
21	212	3.0	886789276
21	170	1.0	882653708
21	242	2.0	876809256
21	3	4.5	878691677
21	282	4.5	890340774
21	81	4.0	885019422
21	209	2.5	880083917
21	244	3.5	888328234
21	245	3.5	891586498
21	103	2.5	885159398
21	165	5.0	878664528
21	147	4.5	884624529
21	31	3.5	887057436
21	46	3.5	882135180
21	294	3.5	882077445
21	119	1.5	879206534
21	274	3.5	890769832
21	20	3.0	879864764
21	90	2.5	889991260
21	214	3.0	887261479
21	91	5.0	888678173
21	19	4.0	893153961
21	204	3.0	890523078
21	254	4.0	892760810
21	96	5.0	882053387
21	5	4.5	883028271
21	153	3.5	877471821
21	291	3.0	892357787
21	55	4.0	889715084
21	172	4.0	892447259
21	146	4.5	886864195
21	233	4.0	877345402
21	279	4.5	878489812
21	269	3.0	876796966
21	253	5.0	893100769
21	69	3.5	891686041
21	259	5.0	881507965
21	240	3.0	892732036
21	99	5.0	879752921
21	58	3.5	880245660
21	84	3.0	885734510
21	235	3.0	892184474
21	8	3.0	889550418
21	173	4.0	878625077
22	106	4.0	886339903
22	299	3.0	879929719
22	251	3.5	883973980
22	47	5.0	881049064
22	262	5.0	878511147
22	229	4.0	875805743
22	29	3.5	888792090
22	233	3.5	875249695
22	68	4.0	882800130
22	263	2.5	881639661
22	213	3.0	876982618
22	234	2.0	878110241
22	289	4.0	875851342
22	30	4.0	889704786
22	287	3.0	876358016
22	237	5.0	882936625
22	158	2.5	876209048
22	12	2.0	888222495
22	203	3.5	889453857
22	131	4.5	882587831
22	2	5.0	892836043
22	112	3.0	882015054
22	297	4.5	876618657
22	38	3.5	879426879
22	24	3.5	891632648
22	217	4.5	884430780
22	177	4.0	882581866
22	33	2.0	885425342
22	278	5.0	885484445
22	31	5.0	882673890
22	36	3.0	884850244
22	242	4.0	879531732
22	17	4.0	892214993
22	147	4.0	882141673
22	210	3.0	888601487
22	93	3.0	884807848
22	70	3.5	883957343
22	216	4.5	876770108
22	192	4.0	880601204
22	196	3.0	889059182
22	230	4.5	891354984
22	194	1.0	876297879
22	193	4.5	886281353
22	42	2.0	887514137
22	277	3.0	892322770
22	69	2.5	885419663
22	179	2.0	888694246
22	61	4.5	888423614
22	92	3.0	879731622
22	276	4.0	884787298
22	202	3.5	887356617
22	271	4.0	880894664
22	66	3.5	892774587
22	115	2.0	890613365
22	153	4.5	882810260
22	238	3.0	882286018
22	279	2.0	884815749
22	218	3.0	879568350
22	273	5.0	890261256
22	195	4.5	876658248
22	118	3.0	888571868
22	127	3.0	888700394
22	236	3.0	892508284
23	199	5.0	893249417
23	125	4.0	885516318
23	131	4.0	884222600
23	105	4.5	887497598
23	170	3.5	890369479
23	41	3.0	892631036
23	231	3.5	886779460
23	190	3.5	885073644
23	48	3.5	883501261
23	275	4.0	886792380
23	98	3.5	891931977
23	27	4.0	891410567
23	138	3.5	890361211
23	194	3.5	878033453
23	21	1.5	890478194
23	38	4.5	885469955
23	97	4.0	881540537
23	287	4.5	887163503
23	112	1.0	885224630
23	246	5.0	888613901
23	107	3.5	876258665
23	171	4.5	882149436
23	156	2.5	879621063
23	8	4.0	875268959
23	109	2.5	883474837
23	61	3.0	888736305
23	204	5.0	884629719
23	123	3.5	879838788
24	169	3.5	890025855
24	118	4.5	887247247
24	195	4.0	876753079
24	292	3.5	890938350
24	126	4.0	891094386
24	256	5.0	875252580
24	282	3.5	874946583
24	173	3.5	892582797
24	132	4.5	893234796
24	251	4.5	888526940
24	252	4.5	875122362
24	236	4.0	875285946
24	87	2.5	892489018
24	181	5.0	883943479
24	72	2.5	892701097
24	280	4.0	884344381
24	95	2.5	875299920
24	278	3.5	891576283
24	31	4.0	889172349
24	269	4.0	880739907
24	18	4.0	878315585
24	39	5.0	877956467
24	25	4.0	892320164
24	4	3.5	879720880
24	212	4.5	882810282
24	71	4.5	881164881
24	119	2.5	892389641
24	35	4.0	883194459
24	78	4.0	886617779
24	5	3.0	883694639
24	112	5.0	888042344
24	259	3.5	877376155
25	208	3.5	885855716
25	236	3.5	887604451
25	290	3.5	879420672
25	125	2.5	877356306
25	116	2.0	891528529
25	154	5.0	886329829
25	42	2.5	876526463
25	17	2.5	878002501
25	48	1.5	889390958
25	195	3.0	882514170
25	194	2.0	877275459
25	283	5.0	886153106
25	244	4.5	888035855
25	29	3.0	885676093
25	5	5.0	875718782
25	88	4.5	883896043
25	43	3.0	889842665
25	256	1.0	891186630
25	223	5.0	882379764
25	170	2.0	886663752
25	49	2.0	893281576
25	271	4.5	887321949
25	22	5.0	889215122
25	118	5.0	880957037
25	109	4.0	887477834
25	291	4.0	877600127
25	139	4.5	884636000
25	24	4.5	882994192
25	39	4.0	877191185
25	144	3.5	877477448
25	279	3.5	883716359
25	289	2.5	879899506
25	92	3.0	887475393
25	162	2.0	879901383
25	9	3.5	887798254
25	107	2.5	885350668
25	74	2.5	886827801
25	204	3.5	878299965
25	40	5.0	877795626
25	84	4.5	874899032
25	124	2.0	885068449
25	200	2.5	889647569
25	277	4.5	886801537
26	139	2.5	887909425
26	53	3.5	886972599
26	68	4.0	878546151
26	45	2.5	881428887
26	96	3.5	893032984
26	221	2.0	880762065
26	230	3.0	893182974
26	286	4.0	875627864
26	285	2.0	890214181
26	263	4.0	881759342
26	209	3.5	889436816
26	14	4.0	884500163
26	46	3.5	877045289
26	182	5.0	888453223
26	284	3.5	891478545
26	48	3.0	879394786
26	167	3.5	884886087
26	198	4.0	882845592
26	7	3.5	883203300
26	150	3.5	879896898
26	212	3.0	888922528
26	199	3.0	887374422
26	44	2.0	877206568
26	287	5.0	889792888
26	125	2.5	890805158
26	293	3.0	888173497
26	267	3.0	892655104
26	87	4.5	891723809
26	195	3.0	888760552
26	72	4.5	892966416
26	138	3.0	875958344
26	155	4.0	886788517
26	253	2.5	892740285
26	75	5.0	877576230
26	33	2.5	878394538
26	86	4.0	883053959
26	223	4.0	886636829
26	142	4.0	880306103
26	216	3.5	876211060
26	154	3.5	888133656
26	248	3.5	885851248
26	40	3.5	889168401
26	185	4.5	878279619
26	129	5.0	875078634
26	127	3.0	878033397
26	254	2.0	883406529
26	101	3.5	882173830
26	235	5.0	891860161
26	55	2.5	892132674
26	70	5.0	882141304
26	156	5.0	889682556
26	4	3.0	887278079
26	203	4.0	887848994
26	171	5.0	890262532
26	169	3.0	891517555
26	226	3.5	879782870
26	172	3.0	886299894
26	165	2.5	875548895
26	103	3.0	890923819
26	246	2.5	878232804
26	161	3.5	884637770
26	91	2.5	888682529
26	204	3.5	877605519
26	164	2.0	878619350
26	252	4.0	879478540
26	295	4.5	886412680
26	193	1.5	885190013
26	144	4.0	886236117
27	106	4.5	891149066
27	267	2.5	892431887
27	248	5.0	885240806
27	179	4.0	887765279
27	244	3.0	887896301
27	50	3.5	878557702
27	225	4.0	886399123
27	232	3.5	886535364
27	164	4.0	890087961
27	35	2.5	880513772
27	154	3.5	884705302
27	23	2.0	877568514
27	59	3.5	879219251
27	12	2.5	885233479
27	176	3.0	878679490
27	56	4.5	882729882
27	85	4.5	884971562
27	125	4.0	878648864
27	265	2.5	880866664
27	90	3.0	887250783
27	283	4.5	879467915
27	82	3.5	891865148
27	170	5.0	887759374
27	287	4.0	888758485
27	219	3.5	879350768
27	237	3.0	887599879
27	119	3.5	888919536
27	208	3.5	880957569
27	95	4.0	891054652
27	96	4.5	892756166
27	222	2.5	880537505
27	203	2.0	880323787
27	15	1.5	891154370
27	102	4.0	884416396
27	231	2.5	879432280
27	220	1.5	881002696
27	200	4.0	885280263
27	3	5.0	889857791
27	110	3.5	876523605
27	143	4.5	886772065
27	33	3.5	875046276
27	296	3.5	890985487
27	53	4.5	879306054
27	275	3.0	881272135
27	188	4.0	887607738
27	167	4.0	891684395
27	101	3.0	891333142
27	235	4.5	888452980
27	135	3.5	891224292
28	228	2.5	881668555
28	251	4.0	876716428
28	86	2.5	886496124
28	43	3.5	892585089
28	290	3.5	884156358
28	16	4.5	892802782
28	113	4.0	880374516
28	150	3.5	885584723
28	17	4.5	884543901
28	141	5.0	884433122
28	116	4.0	883695254
28	276	3.5	891985612
28	148	2.0	877919936
28	87	2.5	879274318
28	235	3.0	888535587
28	254	3.0	876714014
28	282	3.5	884030143
28	262	3.5	878982370
28	58	4.0	879177076
28	294	3.5	883102488
28	59	4.0	879631825
28	138	3.5	885532482
28	279	1.5	883031268
28	188	2.5	887901560
28	278	3.5	891148219
28	22	2.5	879495198
28	226	4.0	883741361
28	280	5.0	888623797
28	112	4.5	887313404
28	218	3.5	889891035
28	53	5.0	877258615
28	127	3.5	877848452
28	153	3.0	888242138
28	231	3.0	892025827
28	135	3.0	884060414
28	179	3.0	887108683
28	45	3.5	889981764
28	225	3.5	891100765
28	61	3.5	885706715
28	122	4.0	874807692
28	108	4.5	877850025
28	180	4.5	890107714
28	220	2.0	886744670
28	85	1.0	876849735
28	72	4.5	892657019
28	106	2.0	888069840
29	220	3.5	880278810
29	109	2.5	876462402
29	254	1.5	888023726
29	138	4.0	884975899
29	166	4.5	882581273
29	146	3.0	889127310
29	173	1.0	877784846
29	281	3.0	877918544
29	296	4.0	874761160
29	67	2.0	881885936
29	290	3.5	890723688
29	249	3.5	877339899
29	176	4.0	879177376
29	25	3.5	882314415
29	24	2.5	892154366
29	51	4.5	889658676
29	236	3.5	875036328
29	9	3.5	874995244
29	64	2.5	886253145
29	81	3.0	878771165
29	226	2.5	888895214
29	234	3.5	879159772
29	1	5.0	890753670
29	104	2.0	877101313
29	68	2.0	882406892
29	155	5.0	887578403
29	82	3.5	877722163
29	141	3.0	878161595
29	48	4.5	878187578
29	185	3.0	885239040
29	129	5.0	887058033
29	43	4.0	884766052
29	191	3.0	879326005
30	69	5.0	875129611
30	74	3.0	886841155
30	36	4.0	885343770
30	272	4.0	879153320
30	289	5.0	887704847
30	5	5.0	888846546
30	85	3.5	886985917
30	226	2.5	893057382
30	180	4.0	880521919
30	110	3.0	890529338
30	78	5.0	877173909
30	211	3.5	875284713
30	227	3.0	876990727
30	112	3.5	875187540
30	45	2.0	883522188
30	52	2.5	881963841
30	72	4.5	876061077
30	64	3.0	876753708
30	197	2.5	888078535
30	220	4.0	891723741
30	162	4.5	884337645
30	127	4.0	891537123
30	142	4.5	888664294
30	44	2.5	888937536
30	128	2.0	888222900
30	284	5.0	877490528
30	146	3.0	892728837
30	14	3.0	892765430
30	155	5.0	879847815
30	106	4.0	884034982
30	266	4.0	877529762
30	261	5.0	885123459
30	97	3.0	877376233
30	201	4.5	891881248
30	152	3.5	881542886
30	28	4.0	879938301
30	123	5.0	892722977
30	254	4.0	885688630
30	198	4.0	887835483
30	58	4.5	876943164
30	124	3.0	885132271
30	256	2.5	889404305
30	37	2.5	882732052
30	271	1.5	876667711
31	45	5.0	880324320
31	223	2.5	887062264
31	60	3.5	880003157
31	233	3.0	883284985
31	29	4.0	878177625
31	159	4.5	878594663
31	90	4.5	882388690
31	62	3.0	891798040
31	7	3.5	874810894
31	71	4.0	876202376
31	6	3.5	875137029
31	84	5.0	882930495
31	255	4.0	876267594
31	178	4.0	890554502
31	268	4.0	886937734
31	265	4.5	887575368
31	133	3.5	879760715
31	86	2.0	880729642
31	191	4.0	875911314
31	65	3.0	893275773
31	138	3.0	888796408
31	61	4.0	882258193
31	16	4.5	885522593
31	172	3.5	883055040
31	220	4.0	888691963
31	140	5.0	885459951
31	269	3.5	883826616
31	33	5.0	877338166
31	135	4.0	887234076
31	296	1.5	878731140
31	40	4.5	891570408
31	234	4.0	876492094
31	262	5.0	880742507
31	185	4.0	882213557
31	256	3.5	892031217
32	206	2.5	874938716
32	36	3.5	888483238
32	239	2.5	875527005
32	145	3.0	882542816
32	160	4.0	892895951
32	168	5.0	886348760
32	45	4.0	875046658
32	284	2.5	885966027
32	234	4.0	874773767
32	5	4.5	887350398
32	189	3.0	885043054
32	103	3.5	878212660
32	150	3.5	881609890
32	289	2.5	892502334
32	156	4.0	882716288
32	125	3.5	888811392
32	238	4.0	891234459
32	253	2.5	876734455
32	101	3.0	879501971
32	280	4.0	884114088
32	126	3.0	877846166
32	78	5.0	876197758
33	119	3.0	889259026
33	267	3.5	887978666
33	212	4.5	891371949
33	191	2.0	875713971
33	235	1.5	887566978
33	44	2.0	889041178
33	298	5.0	880523157
33	49	3.0	886601074
33	259	5.0	881929386
33	69	3.0	881004459
33	202	3.5	883951567
33	39	5.0	884115070
33	291	5.0	889690370
33	32	5.0	879711952
33	223	4.5	875887352
33	67	4.5	882971878
33	122	4.0	884626796
33	150	4.5	891464734
33	134	3.0	888548874
33	162	2.5	893202755
33	168	3.5	890798320
33	163	3.5	876770828
33	232	3.0	877668156
33	140	4.0	884112434
33	120	4.5	887576570
33	104	3.5	879329586
33	70	5.0	888791896
33	300	2.5	881417403
33	56	3.5	892368102
33	80	3.0	883084721
33	55	1.5	892966801
33	85	3.5	875380027
33	231	3.5	887559215
33	239	5.0	886774512
33	161	4.0	890820248
33	209	2.5	892995695
33	62	5.0	890987854
33	275	4.5	886268579
33	184	4.0	891582230
33	107	3.5	885515963
33	158	2.5	887756623
33	238	3.0	883799025
33	136	4.5	880758329
33	47	5.0	875599238
33	81	5.0	885424465
33	156	3.0	882073808
33	21	2.5	875707970
33	111	3.5	884151246
33	76	1.5	876690705
33	128	4.0	890551811
33	183	3.5	892489509
33	203	3.0	886718167
33	263	2.0	882534910
33	26	4.0	880080829
33	154	3.0	878084660
33	90	2.5	883041412
33	16	1.0	882816455
33	208	3.5	883667872
33	285	5.0	892632360
33	282	5.0	876600693
33	237	3.0	882086941
33	53	3.0	887758007
33	72	4.0	886629977
33	63	2.5	880553518
33	7	4.0	880633657
33	114	4.5	882662048
33	102	4.5	885395165
33	206	3.5	886763474
33	299	3.5	875671165
33	133	2.5	886525204
33	12	2.5	879492871
33	34	3.5	881040783
33	228	4.0	891241098
33	66	4.5	892915393
33	48	2.5	885094810
33	170	5.0	880615417
33	22	3.0	891181025
33	87	3.5	875998561
34	29	3.0	885549477
34	120	1.0	879303268
34	113	4.5	880009663
34	11	4.0	889383580
34	270	3.0	891072429
34	245	3.5	885370974
34	1	4.0	880569981
34	170	2.0	886697788
34	104	3.0	882215307
34	67	4.5	880608534
34	175	2.0	887421173
34	91	4.0	885019989
34	166	2.0	884607069
34	31	4.0	878997812
34	12	3.5	880687610
34	76	2.0	874785037
34	73	4.5	887864673
34	57	3.0	875811294
34	187	2.5	880834359
34	38	3.5	885402297
34	192	4.5	882136724
34	203	2.5	878218069
34	52	3.5	891373917
34	173	4.0	879443918
34	155	4.0	885836878
35	40	3.5	876553589
35	122	3.0	886832119
35	178	2.5	874852739
35	164	3.5	889072785
35	86	2.5	877665029
35	46	1.0	884608149
35	172	4.0	890841856
35	229	4.5	881424684
35	6	1.0	877979050
35	136	2.5	875588256
35	108	4.0	881668899
35	128	5.0	880456887
35	35	3.5	884516277
35	180	3.0	877474029
35	132	3.5	890615104
35	56	5.0	878600546
35	1	3.0	885071333
35	25	2.5	888061501
35	198	3.0	890526983
35	225	2.5	891136075
35	215	3.5	883616782
35	212	5.0	877782756
35	253	4.0	892982549
35	194	3.0	887727962
35	280	3.0	880928294
35	193	2.0	887174092
35	52	4.5	887523886
35	246	3.5	887119773
35	296	3.5	880985394
35	116	5.0	889682446
35	84	4.0	876221805
35	232	2.5	883559456
35	38	3.0	889479950
35	18	4.5	890329465
35	151	3.5	883562974
35	11	2.0	882316141
35	134	4.5	883736155
35	54	3.0	876792984
35	176	5.0	879795813
35	88	4.5	877969511
35	83	3.0	877600570
35	39	5.0	886260434
35	281	3.5	892892723
35	48	4.5	888615796
35	174	4.0	882358771
35	248	2.5	876770984
35	16	3.0	887713835
35	221	4.5	892259661
35	85	3.0	888771671
35	223	3.0	892693591
35	81	2.5	890657172
35	28	4.0	882631544
35	170	5.0	890705420
35	106	2.5	884752522
35	98	3.5	877374001
35	210	5.0	887972146
35	284	3.5	875890004
35	277	4.0	891572439
35	145	2.5	892066224
35	153	4.0	879672232
35	50	3.5	878760699
35	26	4.5	889791983
35	202	4.5	880525565
35	293	5.0	880333829
35	282	4.0	881834563
35	252	4.0	881191524
35	79	3.5	878958809
36	217	3.0	879745873
36	41	4.0	879697468
36	223	3.0	878086998
36	104	3.5	878269226
36	76	5.0	878113386
36	133	2.5	884324393
36	164	4.5	892697587
36	35	5.0	886263044
36	45	3.5	888511891
36	199	1.5	883587664
36	285	3.0	887577516
36	204	5.0	891018231
36	283	3.5	890597520
36	167	2.5	875981849
36	142	3.0	880502774
36	267	4.5	883966075
36	235	4.0	888246272
36	7	3.5	879551604
36	268	3.0	888204193
36	215	3.0	876026035
36	58	2.5	888005310
36	213	5.0	885847805
37	122	3.0	876390722
37	26	4.5	880190975
37	244	5.0	881916048
37	138	4.5	882152019
37	191	3.0	882278216
37	11	4.0	881661450
37	173	3.5	883753656
37	156	2.5	888465491
37	160	4.0	891947570
37	144	2.5	875397555
37	252	4.5	875023276
37	51	3.0	890632772
37	117	3.5	879164434
37	69	4.0	880536359
37	154	3.0	875008705
37	227	4.0	882233186
37	165	3.0	883193527
37	214	4.5	884974236
37	46	2.0	883964881
37	97	3.5	888945306
37	109	5.0	887357129
37	209	2.5	886425449
37	249	3.0	890126127
37	265	4.0	883180383
37	192	3.5	882046590
37	29	4.0	890384496
37	264	4.0	884863016
37	82	4.0	892194418
37	34	4.5	888050937
37	260	4.0	878157734
37	207	3.5	874971253
37	70	4.0	891888262
37	269	5.0	887281777
37	292	3.5	884209772
37	15	2.5	884739900
37	89	4.5	878352096
37	99	3.5	890889169
37	103	1.5	876866726
37	30	4.5	886008516
37	128	3.0	884001948
37	17	3.5	885634499
37	234	4.0	884015426
37	185	3.5	883487346
37	102	4.0	884750476
37	141	3.0	881045025
37	189	4.0	879755502
37	238	3.0	892082202
37	259	4.0	882787909
37	204	4.0	876629751
37	64	2.5	888284003
37	16	4.5	885448227
37	124	3.0	879419965
37	251	4.5	875578847
37	229	4.0	891413772
37	91	5.0	884643555
37	243	3.5	883429611
37	283	3.0	888769443
37	180	3.5	888300796
37	177	3.0	887753054
37	84	4.5	875909819
37	133	2.0	881097205
37	47	2.5	886239485
37	146	2.5	882185980
37	198	4.5	892664087
38	244	5.0	880040910
38	184	3.5	891152191
38	260	3.5	877678887
38	154	3.5	879066853
38	88	4.5	889277650
38	286	2.5	889133309
38	93	3.5	888260349
38	151	4.5	889120415
38	50	4.0	890743605
38	242	3.5	887586674
38	66	4.5	874881380
38	133	1.0	875990561
38	287	4.0	892635482
38	94	3.0	881415941
38	172	1.5	887243915
38	46	4.0	875197059
38	114	5.0	885536388
38	182	3.5	892543247
38	115	4.5	881119403
38	158	5.0	875325875
38	216	5.0	874863082
38	170	5.0	883073828
38	191	4.0	882316927
38	134	3.5	886279171
38	300	2.0	885196788
38	238	3.5	879050909
38	61	2.5	878171026
38	241	5.0	887594528
38	28	3.5	891613879
38	299	3.5	884996228
38	298	4.0	880328977
38	37	3.5	876915378
38	100	5.0	876258763
38	257	3.0	884730717
38	62	3.5	884483271
38	196	3.0	890023058
38	272	2.0	892182692
38	153	3.0	892311179
38	212	3.5	886060576
38	78	3.0	889276100
38	71	3.0	879213938
38	103	2.0	886224915
38	176	3.5	891172377
38	210	2.0	886779169
38	292	4.5	881047238
38	235	3.5	880257282
38	74	2.0	888260287
38	162	3.0	875366429
38	42	2.5	882389155
38	250	4.0	882251685
38	171	5.0	879127245
38	91	1.5	881811078
38	161	3.5	875459997
38	30	3.5	891657402
38	3	4.0	880394897
38	232	3.5	878857340
38	141	2.5	887025477
38	108	3.0	875978418
38	87	2.5	887314078
38	296	4.5	883307570
39	274	3.5	877843638
39	25	5.0	887227834
39	56	3.5	886224576
39	11	3.0	880860789
39	60	2.0	878544278
39	214	1.5	888172571
39	228	2.0	888154878
39	195	4.0	890043606
39	64	4.0	883845914
39	281	2.0	887667174
39	130	4.5	890771949
39	243	3.0	888875950
39	79	3.5	880320875
39	106	5.0	878518258
39	5	4.5	879171060
39	155	3.0	876692556
39	216	2.5	880073132
39	52	1.5	878204744
39	267	3.0	888684283
39	139	3.5	890920590
39	71	2.5	889427014
39	215	3.5	880806805
39	54	3.5	887467031
39	262	3.5	886757292
39	61	3.0	875691622
39	145	3.5	879108775
39	59	4.0	890934173
39	55	2.5	891103392
39	255	5.0	878514262
39	102	3.5	888525119
39	103	3.5	889511741
39	135	4.0	876267285
39	268	3.5	876849915
39	104	4.5	883502981
39	184	4.0	885268785
39	210	3.0	875139449
39	152	4.0	892334676
39	83	2.5	882240396
39	21	3.5	886076195
39	107	3.5	892142804
39	247	3.5	892277139
39	170	3.5	877920505
39	121	1.5	889248675
39	2	3.0	883065569
39	7	3.5	890895586
39	46	3.5	886326137
39	57	2.5	887639026
39	294	5.0	879712725
39	253	2.5	876555645
39	77	4.5	875115446
39	47	4.0	879990318
39	39	3.0	891688742
39	132	5.0	890471433
39	119	2.5	891362169
39	234	4.5	880274743
39	136	4.5	877236770
39	238	3.0	891221678
39	26	5.0	885483395
39	90	3.0	882807698
39	149	4.0	885827698
39	185	4.0	884058114
39	161	3.5	876414199
39	219	4.5	891734435
39	49	4.5	882197500
39	24	2.0	893196276
39	88	5.0	887429679
39	169	2.0	888256440
39	225	4.5	882610001
39	138	4.5	877369825
40	228	2.5	881017622
40	294	3.0	878776266
40	230	2.5	887908128
40	46	3.5	881958693
40	256	3.0	890060629
40	229	4.5	881119472
40	162	5.0	886063878
40	61	5.0	878340728
40	255	3.0	888632027
40	10	3.5	876285003
40	53	2.0	878859259
40	207	2.5	889841135
40	212	4.5	890072100
40	19	5.0	891642773
40	286	2.5	879242344
40	282	3.0	891462621
40	1	3.5	874870256
40	47	4.0	892520784
40	156	2.5	876354502
40	261	4.0	889247416
40	288	3.0	890929217
40	106	3.5	891781531
40	234	4.0	880670637
40	175	3.5	880551446
40	187	3.0	879032487
40	28	3.5	878199404
40	115	3.5	887723884
40	233	3.0	885523994
40	170	3.0	891639838
40	287	5.0	887631846
40	243	4.0	888772767
40	232	3.0	883054221
40	59	4.0	883905064
40	50	3.0	888075011
40	114	4.5	886229142
40	2	4.0	884595536
40	182	3.5	889919690
40	150	4.0	879199926
40	281	2.0	879361261
40	268	2.5	888574149
40	192	2.5	891914465
40	55	3.5	884754570
40	24	5.0	893106028
40	85	5.0	885257808
40	253	4.0	882017516
40	72	4.0	881465429
40	210	1.5	881761500
40	131	3.0	884474939
40	101	2.5	886310839
41	68	3.0	885390288
41	92	3.5	892354043
41	258	3.0	882105410
41	278	1.5	880894333
41	166	4.0	892193358
41	60	2.5	877012332
41	181	3.5	891674407
41	288	5.0	880072296
41	246	2.5	888681046
41	299	1.0	892947456
41	293	3.0	892744646
41	214	4.5	888261140
41	274	5.0	877809890
41	147	2.5	886448727
41	217	4.0	882146885
41	7	3.0	881883675
41	268	3.5	885860872
41	55	5.0	885833459
41	13	2.0	886831076
41	196	4.0	884575430
41	75	4.0	882054517
41	28	4.5	892525299
41	29	3.5	890658273
41	103	4.0	875020113
41	137	3.0	878574139
41	83	4.0	886334788
41	129	3.0	889678821
41	32	4.0	882789446
41	152	3.0	882906191
41	105	4.0	876062768
41	17	3.5	885493569
41	184	4.5	887521451
41	232	3.5	878528911
41	53	1.5	887672557
41	115	5.0	883334460
41	200	2.5	892852066
41	122	3.0	884214876
41	262	3.0	875553696
41	148	5.0	892067916
41	25	1.5	887306214
41	199	5.0	891982058
41	161	4.5	891795043
41	283	3.5	889675118
41	104	3.5	891059165
41	227	4.0	876196127
41	116	4.0	884671383
41	189	4.0	881184353
41	280	4.0	885472622
41	101	3.5	891968154
41	100	3.5	877487764
41	151	3.5	877944473
41	230	3.5	880341547
41	91	4.5	892776149
41	39	4.0	892616128
41	96	1.0	874970683
41	89	4.0	876921579
41	264	3.5	881797362
41	62	3.5	881877680
41	194	3.0	888958817
41	21	4.5	878211915
41	220	4.5	881622815
41	143	2.5	892768747
41	285	4.0	889328865
41	136	2.5	877144672
41	67	2.0	879883857
41	300	3.0	875521726
41	131	4.5	890133751
41	3	4.5	885855231
41	170	4.0	875995963
41	239	4.0	877661424
41	80	4.0	877182506
41	79	3.0	876545644
41	27	4.0	880697135
41	155	4.5	883177339
41	252	4.5	877088354
41	294	4.5	882363229
41	282	4.0	883403495
41	38	4.0	888402596
42	231	4.5	893096615
42	208	3.5	877581093
42	222	2.5	884948448
42	162	3.5	881772915
42	9	3.0	886262456
42	200	3.0	881829422
42	61	3.5	888571097
42	274	2.5	891923124
42	4	3.0	879504710
42	33	1.5	880125442
42	300	3.5	880898481
42	24	3.5	882133124
42	38	2.5	883205316
42	184	4.0	881245215
42	258	4.5	878570804
42	55	2.0	880810074
42	149	2.5	876549678
42	155	2.5	893141097
42	45	2.5	890202201
42	145	4.5	893168393
42	225	3.5	877179034
42	196	3.0	884477395
42	203	1.5	876985029
42	16	4.0	883136390
42	243	2.5	878019835
42	81	3.5	881348945
42	113	4.0	891072107
42	70	5.0	885826225
42	201	2.0	886708284
42	280	1.0	879026896
42	152	3.5	882594326
42	74	5.0	878081665
42	153	4.5	884292324
42	192	3.5	877067107
42	6	3.0	881217444
42	284	4.5	885387836
42	285	2.5	891027507
42	73	4.0	889845879
42	64	4.0	885742176
42	22	4.5	884981477
42	3	5.0	879838236
42	294	4.0	886955080
42	202	3.0	885339089
42	276	3.5	889096321
43	3	1.5	888318766
43	161	3.0	881863773
43	127	3.0	875954691
43	114	3.0	893233133
43	224	3.5	883469542
43	142	2.5	892960514
43	185	4.5	892833269
43	69	3.5	890565889
43	170	3.5	879712005
43	246	3.0	886999546
43	237	3.5	887894769
43	229	4.5	882217637
43	184	2.5	884489021
43	157	3.0	879217019
43	250	3.0	890317492
43	283	2.0	891539613
43	56	2.5	891851294
43	90	3.0	877763198
43	42	4.5	888038610
43	144	4.0	886934012
43	72	3.5	891574647
43	276	4.5	875080107
43	101	3.5	882740219
43	135	4.0	880289496
43	40	3.5	891976274
43	39	4.0	879434768
43	10	3.0	889697383
43	260	1.0	880067327
43	16	3.5	880735824
43	298	5.0	879630336
44	248	4.5	876600805
44	184	4.5	880306200
44	21	4.5	883390465
44	113	3.5	880765767
44	250	3.5	892060294
44	119	3.0	888329566
44	33	3.0	875349494
44	136	4.0	884235868
44	190	4.5	877601952
44	120	3.5	881992379
44	22	3.0	889797473
44	106	3.5	890542720
44	266	4.0	890886819
44	185	2.0	880447981
44	199	1.0	882085338
44	241	3.0	888507758
44	233	2.5	879513334
44	24	3.0	880827729
44	166	3.5	891864478
44	53	3.0	883600551
44	267	5.0	880352516
44	141	4.0	886222849
44	135	4.0	889940643
44	297	4.0	877034694
44	279	2.5	882435981
44	292	4.5	887415377
44	90	3.5	887658664
44	193	4.0	879161048
44	194	2.5	878367718
44	188	2.0	875280459
44	40	4.5	881514400
44	265	4.0	892263992
44	129	2.5	891648207
44	115	2.5	888810693
44	208	4.5	879743150
44	181	2.5	877955954
44	177	5.0	880678010
44	247	2.5	890692230
44	4	4.0	876034559
44	257	3.0	892556540
44	72	4.0	891613635
44	226	3.0	878667906
44	85	3.5	877851646
44	118	3.5	890906030
44	264	2.5	879097820
44	144	4.0	892820144
44	109	3.0	874764982
44	77	3.5	889203340
44	96	2.5	892241607
44	81	1.0	888840523
44	186	3.5	887152514
44	61	5.0	876182256
44	213	4.5	892502402
44	170	3.5	889118093
44	59	3.0	882424990
44	246	3.5	890902088
44	108	4.0	887516884
44	83	2.5	886486136
44	211	4.5	878003545
44	12	4.0	889001765
44	125	4.0	879217081
44	23	4.0	883264917
44	66	3.5	890734913
44	294	4.0	882526547
44	69	4.0	877537161
44	263	3.0	884229562
44	76	3.0	892969295
45	132	3.5	876471312
45	97	5.0	880118182
45	3	2.5	887780862
45	4	2.0	874902234
45	296	3.5	877781135
45	268	3.5	879601123
45	61	3.5	890551283
45	267	3.5	889333552
45	193	3.5	877682220
45	106	5.0	876874893
45	162	2.0	883552612
45	210	2.5	882166084
45	186	3.5	887167872
45	55	2.0	877410397
45	80	3.5	875991568
45	219	5.0	887620550
45	300	3.5	888168120
45	130	3.5	892206755
45	134	2.0	884337022
45	275	3.0	876652849
45	217	3.0	880605833
45	290	3.0	891312960
45	188	5.0	889454167
45	142	4.0	875084091
45	204	2.5	881492881
45	105	3.5	892111049
45	212	4.0	884321496
45	283	4.5	881259318
45	286	5.0	875852452
45	248	2.5	891855853
45	92	2.5	892032543
45	190	2.0	882498297
45	287	3.5	880411612
45	285	4.0	875934720
45	158	4.5	886795581
45	177	3.5	882752830
45	71	3.0	874734349
45	118	3.5	880007679
45	229	2.5	877638671
45	83	5.0	883983614
45	52	2.0	888127480
45	110	3.5	886573708
45	261	5.0	887983512
45	206	3.5	888329386
45	174	3.5	881446011
45	282	3.0	892097272
46	36	3.5	877153580
46	47	5.0	891608265
46	282	1.5	884598162
46	146	5.0	886132072
46	287	2.0	878650880
46	299	3.0	891947753
46	179	3.0	883371465
46	178	4.0	892773752
46	142	2.0	883118065
46	116	4.0	889581560
46	100	5.0	887377424
46	233	2.0	890952636
46	207	3.5	882887605
46	295	3.0	886121833
46	3	4.0	890121108
46	134	3.5	890183922
46	90	3.0	875642447
46	209	4.0	890896945
46	260	5.0	878626026
46	55	3.5	883375705
47	196	4.0	880857938
47	113	2.0	881105672
47	118	2.5	891468349
47	162	4.0	881424407
47	212	5.0	882605349
47	181	4.0	882846778
47	265	3.0	883630236
47	275	3.5	881663049
47	5	2.0	882415638
47	135	4.0	881528426
47	128	4.5	883103098
47	148	3.0	886671006
47	48	3.0	879959052
47	205	4.0	878304608
47	176	3.0	878747164
47	39	3.5	877358315
47	284	5.0	891255799
47	92	3.5	874946963
47	244	3.0	892893560
47	161	3.0	876142825
47	182	4.0	890907746
47	112	3.5	887179998
47	294	3.0	885308345
47	138	5.0	891244911
48	295	5.0	881954593
48	141	3.0	883257255
48	252	1.5	890714719
48	94	4.5	877956065
48	262	3.0	889819332
48	144	4.5	885953920
48	204	1.5	883441115
48	114	4.5	886836585
48	296	2.5	886814592
48	66	4.0	883372184
48	28	3.5	886272141
48	270	2.5	875390273
48	217	3.0	888541113
48	245	4.0	878792765
48	277	3.5	886505351
48	17	4.0	881400636
48	258	5.0	892791699
48	178	2.0	880581261
48	202	5.0	884274594
48	90	3.5	886640192
48	235	2.5	885632929
48	62	2.0	891852386
48	266	3.5	891082285
48	236	4.5	889721196
48	162	3.5	877355629
48	5	5.0	887511330
48	7	2.0	884338845
48	108	3.5	890285647
48	195	2.0	879585013
48	298	4.0	880347611
48	52	4.5	886045583
48	167	3.0	888878522
48	186	1.0	888306628
48	133	3.5	877118620
48	96	4.0	877379265
48	281	4.0	880160510
48	135	4.5	886254868
48	122	2.5	882382433
48	138	4.0	885243422
48	242	4.5	885357379
48	176	1.5	884501006
48	188	4.0	883699594
48	95	3.0	887993988
48	256	3.5	883826285
48	218	4.0	889653022
48	215	3.0	886910499
48	191	3.0	892204411
48	187	3.5	889833890
48	206	2.5	888615877
48	231	2.5	880338974
48	93	4.0	880894906
48	293	2.5	875499854
48	68	4.0	878920353
48	118	4.0	882597492
48	139	2.0	883168582
48	121	3.0	877411236
48	285	4.5	881790316
48	222	2.5	880325295
48	196	3.0	888047349
48	101	4.0	878181129
48	75	4.5	877930960
48	77	3.0	876865227
48	243	3.0	890602190
48	91	5.0	893127092
48	216	5.0	876530792
48	69	4.5	875609369
48	265	3.5	888046239
48	274	2.5	892306654
48	250	2.5	877518156
48	154	4.0	878211968
48	129	4.0	883531146
48	288	5.0	879934853
48	291	4.0	877553726
48	25	2.0	887805778
48	51	4.5	885105466
48	84	2.5	882420618
48	31	3.0	883025959
49	146	4.0	880845279
49	227	5.0	879309051
49	65	5.0	884441915
49	68	4.0	878427654
49	270	3.5	890003486
49	88	4.0	889917057
49	15	4.5	883856016
49	18	3.0	891233356
49	183	5.0	881025878
49	167	3.5	885483728
49	244	4.0	875375511
49	240	4.0	879829993
49	277	4.0	876390085
49	140	4.5	892675349
49	281	3.0	875467299
49	228	3.0	880963740
49	70	2.5	878156438
49	91	4.0	884190903
49	234	4.5	883757399
49	289	4.0	878920329
49	223	5.0	889435531
49	269	3.5	874999993
49	274	4.0	882536534
49	159	2.5	877751218
49	178	3.0	879780815
49	247	4.0	875218793
49	117	4.5	891286491
49	46	3.0	882012332
49	158	3.5	886197401
49	188	2.0	888825726
49	212	3.0	885179488
49	134	4.5	891448096
49	80	4.0	887186728
49	156	4.0	890283378
49	6	3.5	875789631
49	1	3.5	885806015
49	268	3.0	877416550
49	177	4.0	879626604
49	147	4.0	876605044
49	241	4.0	883667086
49	5	3.0	887892199
49	252	1.5	877119982
49	245	4.5	892951207
49	154	3.0	890500218
49	221	2.5	880818320
49	150	4.0	881173613
49	119	3.0	883115984
49	4	4.5	887528323
49	192	4.0	875148015
49	97	4.0	878817060
49	211	2.0	883078500
49	288	4.5	887636384
49	224	4.0	889588012
49	203	3.0	883018096
49	128	3.5	875849128
49	84	1.5	881408077
49	200	4.0	890187754
49	194	2.5	877877494
49	113	2.0	892211237
49	135	2.0	881719035
49	41	4.5	890590102
49	217	3.0	887781509
49	123	5.0	885197362
49	265	3.0	885564911
49	273	2.0	880046826
49	138	2.5	876140234
49	36	4.5	893165552
50	63	3.5	892935843
50	130	3.0	891169468
50	247	3.5	881092530
50	153	4.0	880986863
50	102	4.5	892965588
50	185	5.0	886390400
50	27	3.0	885585637
50	112	2.0	890441428
50	58	3.0	883963065
50	121	4.0	880104942
50	223	2.5	877035824
50	167	2.5	892546724
50	8	4.0	879926501
50	86	3.5	889803541
50	142	3.5	884645838
50	300	2.5	883561245
50	62	3.5	892897990
50	203	2.5	887042968
50	125	4.5	889961072
50	5	4.5	874748863
50	22	1.5	891701834
50	298	2.5	887443301
50	244	2.0	880950207
50	80	3.0	875352844
50	191	3.5	886941046
50	46	2.0	882737057
50	128	2.5	885485418
50	81	2.5	876850106
50	256	3.5	892809089
50	47	3.5	887726745
50	174	3.0	881095671
50	31	3.5	892309573
50	183	3.0	891419689
50	79	3.0	893228899
50	275	5.0	879896505
50	55	5.0	884224945
50	65	2.0	885549371
50	250	4.5	888475468
50	120	4.5	885530044
50	163	2.5	878431271
50	286	4.5	877954535
50	178	5.0	892280406
50	225	2.5	876962114
50	99	2.5	876193631
50	11	4.5	879079211
50	194	4.0	880718833
50	184	4.0	875774083
50	69	4.0	881505357
50	129	4.0	878316885
50	21	2.0	891011034
50	249	4.5	881154297
50	287	4.5	878038330
50	151	3.5	875792316
51	199	3.5	889172848
51	251	2.0	885577921
51	270	4.0	882802018
51	132	4.0	893032888
51	26	3.5	881902947
51	188	4.5	887309738
51	114	3.0	893187657
51	37	4.0	883250526
51	7	2.5	886804592
51	107	3.5	889904851
51	252	3.5	889740311
51	41	3.5	888048858
51	240	3.0	874731274
51	32	3.5	875887803
51	185	4.5	884270347
51	286	3.0	875271729
51	213	2.0	892092798
51	189	5.0	879257434
51	30	5.0	884852835
51	137	2.0	874945123
51	271	4.0	884802245
51	21	3.0	882169992
51	156	4.0	881932967
51	40	4.0	885291157
51	111	3.5	875452887
51	266	2.5	883984294
51	50	3.0	891880134
51	52	2.5	879916076
51	119	2.5	877888461
51	273	3.5	875990930
51	198	3.0	890172157
51	98	4.0	886658536
51	99	5.0	879962795
51	128	3.0	879368918
51	292	3.5	883616237
51	92	4.0	887041967
51	55	4.0	883108516
51	296	3.5	882542696
51	184	4.0	883322826
51	235	4.0	884801187
51	219	2.5	877808534
51	54	4.5	888139713
51	86	4.5	882020694
51	93	2.5	877315164
51	282	3.5	885619567
51	206	4.0	890915836
51	259	3.5	880526354
51	173	4.5	891108547
51	81	5.0	877924596
51	274	2.5	884804235
51	227	2.0	875978692
51	181	4.0	887527273
51	162	4.0	877357974
51	167	3.5	876601164
51	191	5.0	885944964
51	212	2.0	886399310
52	223	4.0	884962772
52	214	3.0	889826270
52	62	5.0	890535233
52	117	5.0	875488010
52	6	2.5	885860644
52	196	3.0	881737906
52	28	4.5	892777177
52	157	3.0	881834065
52	269	3.5	881563148
52	22	3.5	893059664
52	164	1.5	892282599
52	277	3.5	883403832
52	290	3.0	893139384
52	77	3.0	890932384
52	168	5.0	879467542
52	258	2.0	875341726
52	114	4.5	887361532
52	79	3.0	892401154
52	26	3.0	876183724
52	202	4.5	883296402
52	229	4.0	880439689
52	295	4.0	876741668
52	259	4.5	884254623
52	47	3.0	881458952
52	222	3.0	883827405
52	149	2.5	876505955
52	76	2.5	890326206
52	68	5.0	875004358
52	173	4.5	876959361
52	43	2.0	887765477
52	244	2.0	883828375
52	293	4.0	886811658
52	281	4.0	878344945
52	205	4.0	875364872
52	135	3.0	884539232
52	44	3.5	887694277
52	257	4.0	882481441
52	67	3.5	887498922
52	70	1.5	891788491
52	247	3.5	878066855
52	287	2.5	885309655
52	102	3.5	890987273
52	250	5.0	892560925
52	203	4.0	877678193
52	101	3.0	880979839
52	288	4.5	881397854
52	127	4.0	891523763
52	125	4.0	890092178
52	37	4.0	875445743
52	137	5.0	876058579
52	221	2.5	883025812
52	166	4.0	892488941
52	46	2.5	884956379
52	58	4.0	885917449
52	212	2.5	891164128
52	217	3.0	887925017
52	188	3.0	879992932
52	179	4.5	875341179
52	98	4.5	886360712
52	165	2.5	886532953
52	177	3.5	886649221
52	13	3.0	884869094
52	87	2.0	882650426
52	180	3.5	891543918
52	227	3.0	883981648
52	75	5.0	876805410
52	226	4.0	883370994
52	23	2.0	887715999
52	120	3.0	875713421
52	103	4.5	884126455
52	192	5.0	882294009
52	80	2.0	879815191
52	148	1.5	886193150
52	8	5.0	887906454
52	176	4.0	879330414
52	57	2.5	877670621
53	196	4.0	891164465
53	267	1.0	885626398
53	117	3.5	890077370
53	214	4.0	883005401
53	124	4.5	889071098
53	294	2.5	888309784
53	79	3.5	876128166
53	219	2.5	887487949
53	160	4.0	885223807
53	169	2.5	887950213
53	230	3.0	892715233
53	278	2.5	892348522
53	68	4.0	876016957
53	106	4.5	892194794
53	71	3.5	878392756
53	298	3.5	889878213
53	104	2.0	890055744
53	159	3.0	876147951
53	269	3.5	882969760
53	70	5.0	892129482
53	221	2.5	892772603
53	75	5.0	887999218
53	290	4.5	876041775
53	81	4.0	887723624
53	163	5.0	892043047
53	35	4.0	876378790
53	286	4.0	881095030
53	273	3.5	884495068
53	61	4.5	889473690
53	95	4.5	888080712
53	16	3.0	884943851
53	164	2.0	884318411
53	212	3.5	890204952
53	211	2.5	880311073
53	156	3.5	888900188
53	227	4.5	884603796
53	141	3.0	876554992
53	78	3.5	892071332
53	97	3.5	879497479
53	55	4.5	890279838
53	14	1.5	889881182
53	137	3.0	877759399
53	291	3.5	891523997
53	119	4.5	878522118
53	184	3.0	880756836
53	41	1.5	893059090
53	245	4.0	879264848
53	69	3.0	887913840
53	258	2.5	888601457
53	241	3.0	885578257
53	192	3.5	889853928
53	199	3.0	875560621
53	252	1.5	880726879
53	243	4.5	889947709
53	84	5.0	881500423
53	99	4.0	889981346
53	116	2.5	877750637
53	17	3.5	883116079
53	210	3.5	885598855
53	8	4.0	880227436
53	139	4.0	878870166
53	114	3.0	877784580
53	105	3.5	878555449
53	34	4.0	889804018
53	91	5.0	886903069
53	225	4.0	877587122
54	197	4.5	884738746
54	262	3.5	885834954
54	82	5.0	877667523
54	194	4.0	876369929
54	282	2.5	878378373
54	195	5.0	888715462
54	23	4.0	880705733
54	88	3.0	880138221
54	172	3.0	884266937
54	290	4.0	880677912
54	77	4.0	890003312
54	84	3.5	886810635
54	75	4.0	875927302
54	92	5.0	877849509
54	27	4.5	884767366
54	215	3.5	885556813
54	158	4.5	887091847
54	159	2.5	887439804
54	229	4.0	876995226
54	148	5.0	889063318
54	93	3.5	893195454
54	61	2.5	876903260
54	68	3.0	884550545
54	104	2.5	890522701
54	2	2.5	879239317
54	130	3.0	878819130
54	7	2.0	883932668
54	235	3.5	885771115
54	255	4.5	892409665
54	256	2.5	888608121
54	279	5.0	892328915
54	3	4.0	881765952
54	253	4.5	881739296
54	122	3.0	876677060
54	112	4.5	878392284
54	244	2.5	892473213
54	233	4.5	877666418
54	210	3.5	890953746
54	227	4.0	884361116
54	41	2.5	889054251
54	4	2.5	885344303
54	126	4.0	883437455
54	281	2.5	892353914
54	143	4.0	886598057
54	286	2.0	879077160
54	107	4.5	891381026
54	26	2.5	892163142
54	95	4.0	891426130
54	76	4.0	891250417
54	29	3.0	880761394
54	179	4.0	882533552
54	19	4.0	884471871
54	17	3.0	881219352
55	61	2.5	885593790
55	13	1.5	874930441
55	239	4.0	878544437
55	107	2.0	885907828
55	213	3.5	886178904
55	212	3.0	888013920
55	24	4.0	875701727
55	171	3.0	880617844
55	180	3.0	881234792
55	287	4.0	885814947
55	109	4.0	886063989
55	6	4.0	890800915
55	104	4.0	890646303
55	145	2.0	875917846
55	131	4.5	879279854
55	35	4.0	890881018
55	158	2.5	879938608
55	154	3.5	890180483
55	260	3.5	892742350
55	282	3.5	885969124
56	212	4.0	886137105
56	29	5.0	890947336
56	267	4.5	892294748
56	154	2.0	885138620
56	290	4.0	885708349
56	162	5.0	879532893
56	285	4.0	878021485
56	275	4.5	892043716
56	10	5.0	879177958
56	107	4.5	881609646
56	296	3.5	875951209
56	170	4.5	890138556
56	182	3.5	887730012
56	34	3.5	892251695
56	77	3.0	878611520
56	144	5.0	874862614
56	16	2.5	885159511
56	174	5.0	876202110
56	193	4.0	877646492
56	274	2.0	885908058
56	85	4.0	890390465
56	293	1.5	876272903
56	200	4.0	878184266
56	96	4.5	892192399
56	60	3.0	885209825
56	158	3.5	875479022
56	17	5.0	885198487
56	140	3.0	881765962
56	45	2.5	885491668
56	255	5.0	881454236
56	122	5.0	881185469
56	191	3.5	884340315
56	232	4.5	884007528
56	155	5.0	892584922
56	111	3.0	885433599
56	269	3.0	889526094
56	90	4.5	878672417
56	58	5.0	883873467
56	192	4.0	879735082
56	20	2.5	880009399
56	104	5.0	883906440
56	48	3.0	878565363
56	228	3.0	875236640
56	260	4.0	891973723
56	13	5.0	878159854
56	248	4.5	881656296
56	257	4.0	892928952
56	79	4.0	886479436
56	98	3.5	893158362
57	139	4.0	883383523
57	73	1.0	886920046
57	146	3.0	887880628
57	294	3.5	880877018
57	126	2.5	885808676
57	88	4.0	885621883
57	37	3.5	889934365
57	160	5.0	891082721
57	174	5.0	875740205
57	277	3.0	876918002
57	228	3.5	890674284
57	26	3.5	878512571
57	67	3.0	886517107
57	15	3.5	890785608
57	242	2.5	890201412
57	55	2.5	880455858
57	197	4.0	884195695
57	28	4.0	886422303
57	45	2.5	878999343
57	219	4.5	891768672
57	201	3.0	878178541
57	92	4.0	888337272
57	229	4.5	878314406
57	183	3.5	885659083
57	171	4.0	877104524
57	102	3.0	884862112
57	274	3.5	892600684
57	41	3.5	890192459
57	239	3.0	888173879
57	291	3.5	888597518
57	68	2.0	882729968
57	48	3.0	882901625
57	240	3.0	893110828
57	50	3.0	880060545
57	234	3.5	890910517
57	159	3.5	887603453
57	241	4.0	876941313
57	119	4.5	886157180
57	115	3.0	881712022
57	74	2.5	889191652
58	223	2.5	884404186
58	291	3.0	878937440
58	176	3.0	879230313
58	279	2.5	875114033
58	121	2.0	877132106
58	89	3.0	875251776
58	40	3.5	879556410
58	294	4.0	891055696
58	250	3.0	889379108
58	59	3.0	879280588
58	238	2.5	877565543
58	167	3.5	879329058
58	285	2.5	888678503
58	50	4.0	890026492
58	228	1.5	889008971
58	91	3.0	880757708
58	158	4.0	889971654
58	208	3.5	891817838
58	36	5.0	888955972
58	56	4.0	893248435
58	195	2.5	889825740
58	168	3.5	887633593
58	254	1.5	886646842
58	32	3.5	882299318
58	47	2.5	880958822
58	112	4.5	888977688
58	72	3.0	874974019
58	298	3.5	891440083
58	1	3.0	882668720
58	76	5.0	891559935
58	77	3.0	883759255
58	232	5.0	888510139
58	273	4.5	893051008
58	150	4.0	887038180
58	200	4.0	875847504
58	296	4.0	875995249
58	229	1.5	890940497
58	101	3.0	887092155
58	106	4.5	878521876
58	163	3.5	890882273
58	154	2.0	877411182
58	292	3.5	879492374
58	156	5.0	892388033
58	177	4.5	884100501
58	46	3.5	890325384
58	299	4.5	892070658
58	5	3.0	877349827
58	262	2.0	892285649
58	207	2.5	877692477
58	66	5.0	882953307
58	151	3.0	890577554
58	190	3.5	877344704
58	282	3.0	892817166
58	28	5.0	885210460
58	287	5.0	876495520
58	184	5.0	886252206
58	57	3.5	892677447
58	145	4.0	875086540
58	16	2.0	890457336
58	222	5.0	889959588
58	202	2.5	891926829
58	196	3.5	890469536
58	280	2.5	885848473
58	109	3.0	888851666
58	244	2.5	886566556
58	97	3.0	884610447
58	197	3.0	884428935
58	185	3.0	880345351
58	214	4.5	875910061
58	79	2.5	884927634
59	289	3.5	892551956
59	134	4.5	886597210
59	32	3.0	889213039
59	243	3.0	883871332
59	297	3.5	885964351
59	87	4.5	883795349
59	294	3.5	883686689
59	27	3.0	878022331
59	150	4.0	883292630
59	14	2.5	887849652
59	147	4.0	890196946
59	249	4.0	882838069
59	43	3.0	881265330
59	65	2.5	892171414
59	259	2.5	886046196
59	40	4.0	880761711
59	143	4.5	885236301
59	130	3.0	893099538
59	68	4.0	875079648
59	144	1.5	875009122
59	141	3.0	877004799
59	132	3.5	875126068
59	8	2.5	888523928
59	58	2.5	878002936
59	90	3.0	892349654
59	78	4.0	878211259
59	229	3.5	889688047
59	190	1.5	886519643
59	121	1.5	882087100
59	93	3.0	884230580
59	271	4.0	883176940
59	17	1.0	881203384
59	176	3.0	875866962
59	44	3.0	875519965
59	75	5.0	877809747
59	79	3.0	876633350
59	254	4.0	882000140
59	212	3.5	878811308
59	197	1.5	878750473
59	122	4.5	877623355
59	226	3.5	879083674
59	86	4.0	887339781
59	108	5.0	880924515
59	296	1.5	878444053
59	177	5.0	880907550
59	28	3.0	883225246
59	136	4.0	884608792
59	60	3.5	890393139
59	238	3.0	877265256
59	205	3.0	889939757
59	244	4.0	883998603
59	155	2.0	889051895
59	273	4.5	885576351
59	120	3.0	883359493
59	195	2.5	880159388
59	200	3.0	877207639
59	135	5.0	884028933
59	272	3.0	876818083
59	223	4.0	887569313
59	7	3.0	887763641
59	148	4.5	885886750
59	230	4.0	876739943
59	196	5.0	883389759
59	162	3.5	883605388
59	22	4.0	880695032
59	50	3.5	889507948
60	252	5.0	887827172
60	103	3.0	883664834
60	202	4.0	879811812
60	92	3.5	885791997
60	56	3.5	887855578
60	74	3.5	874848987
60	277	4.0	892018093
60	221	3.5	891189180
60	112	3.5	890768406
60	55	5.0	889356377
60	227	4.5	888277772
60	133	4.5	877076865
60	53	3.0	892848422
60	18	2.5	882302872
60	38	4.5	874835686
60	37	4.5	887623834
60	293	5.0	890900172
60	129	3.0	878791629
60	229	3.5	892686534
60	10	2.0	886768010
60	255	3.0	885913090
60	77	4.5	884885934
60	1	3.0	888167112
60	20	4.0	876576735
61	47	3.5	882125895
61	188	4.0	876842333
61	274	2.5	881524218
61	175	3.5	889025993
61	42	1.0	886044066
61	236	3.5	888213880
61	149	2.0	885604229
61	104	4.5	878778167
61	91	4.5	893041564
61	284	4.0	879332720
61	21	5.0	885515475
61	197	2.5	881879583
61	98	5.0	876254340
61	154	4.5	880544647
61	200	3.5	885982347
61	55	4.5	876846084
61	184	2.5	878776256
61	250	2.5	883915046
61	44	3.0	879463830
61	225	3.0	888654977
61	72	2.5	880363560
61	19	4.5	887137411
61	99	3.0	880261396
61	13	4.0	889443737
61	123	3.0	882900066
61	251	1.5	876090338
61	33	4.0	879199894
61	277	1.5	878079074
61	158	3.5	887345573
61	256	2.0	880018044
61	231	5.0	875249176
61	9	4.5	891064627
61	174	3.5	877433311
61	29	5.0	874937766
61	173	2.5	874967107
61	22	4.0	880744806
61	208	3.5	877715793
61	61	4.0	884245160
61	109	5.0	888690810
61	268	4.0	890697038
61	235	4.0	878982513
61	275	2.0	881642299
61	77	2.5	879525941
61	297	3.5	883816274
61	120	3.5	892276592
61	37	2.5	889838268
61	73	5.0	888550187
61	10	5.0	882752733
61	242	4.0	880581600
61	24	3.5	875987068
61	125	3.5	880764523
61	67	2.5	891498155
61	8	3.5	877678211
61	89	4.0	884831297
61	26	2.5	886396738
61	50	4.0	888776832
61	234	3.5	874878055
61	88	1.5	882631443
61	59	2.5	881163901
61	255	3.0	878667618
62	49	5.0	889991670
62	186	4.0	880699437
62	277	2.0	887721358
62	260	4.0	887256789
62	113	2.0	879301689
62	238	4.5	890083922
62	107	3.0	881239468
62	142	3.5	886756999
62	28	5.0	883774156
62	100	2.0	881509781
62	58	2.0	885995353
62	77	3.0	878993228
62	243	4.5	875801625
62	255	2.0	876726289
62	91	1.0	884140223
62	82	3.0	879304940
62	23	4.0	878452918
62	187	4.5	890345448
62	146	3.0	890112065
62	108	3.0	888757973
62	223	4.5	880469272
62	129	1.5	886253207
62	172	3.0	882101771
62	233	3.5	884628686
62	54	4.0	879985646
62	27	3.0	880426798
62	276	3.5	893272111
62	81	1.0	882432240
62	15	3.0	877626307
62	249	4.0	888538940
62	264	2.5	892232365
62	60	3.5	891139987
62	37	4.0	881987318
62	121	3.0	890612364
62	228	3.5	890252456
62	297	2.5	884092130
62	167	3.5	875211378
62	215	4.0	889089710
62	102	3.5	883001050
62	118	3.0	883040553
62	57	3.5	885706939
62	117	4.0	889295679
62	51	1.5	882187437
62	122	4.5	879723303
62	212	3.0	874895085
62	103	4.0	888742807
62	193	4.5	876208627
62	38	2.0	876068856
62	242	3.0	890517191
62	300	3.0	891643402
62	224	2.5	875852828
62	75	5.0	889008752
62	111	2.5	892546197
63	246	3.0	878448129
63	51	3.5	887574547
63	232	2.5	886991903
63	254	3.0	890339361
63	124	4.0	876096225
63	43	3.0	886991242
63	286	3.5	887020161
63	7	3.0	880605708
63	209	2.0	876973055
63	112	4.0	881593724
63	68	5.0	879368838
63	184	3.5	885963085
63	152	3.5	882731894
63	123	4.0	892831816
63	47	2.0	878535073
63	9	5.0	890780286
63	157	3.5	881764227
63	83	5.0	882289128
63	236	3.0	885477691
63	293	5.0	886559749
63	299	4.5	883695750
63	13	4.0	891621580
63	233	3.5	888915856
63	238	3.5	884024164
63	71	4.5	876552084
63	208	3.5	876851026
63	95	1.5	887234264
63	190	2.5	886308591
63	1	3.5	889905092
63	37	4.0	891039777
63	198	3.5	891550583
63	171	4.5	892397245
63	272	1.5	878842155
63	17	3.5	890500790
63	219	1.5	892572462
63	139	4.5	892604372
63	278	3.5	884531474
63	295	4.0	889890587
63	107	2.5	887077634
63	42	5.0	876926806
63	172	4.5	881044807
63	29	4.0	890088416
63	264	3.5	877654305
63	187	4.0	877414782
63	27	3.0	887833839
64	92	4.5	890094006
64	148	5.0	885469440
64	40	4.5	879960988
64	56	3.0	874868802
64	85	4.0	893050314
64	142	2.0	891750531
64	58	4.0	885840643
64	76	4.0	884641952
64	255	1.5	890626513
64	78	2.5	884449696
64	105	3.0	879660012
64	267	3.0	889559310
64	12	2.5	886089073
64	151	4.0	878493396
64	214	4.0	890796653
64	278	3.5	876069602
64	68	2.5	879402979
64	243	4.5	893211859
64	178	5.0	878646421
64	216	3.0	885062233
64	228	3.0	875556712
64	11	4.0	888201173
64	150	3.0	882118925
64	97	3.5	889689070
64	33	4.0	886716847
64	119	1.5	877827861
64	172	5.0	885675751
64	211	3.5	876571332
64	297	3.0	881272848
64	176	3.5	892388898
64	168	3.5	882178620
64	249	2.0	884050398
64	272	5.0	881291838
64	281	3.5	875481317
64	235	4.0	877529509
64	156	4.5	892790828
64	291	2.5	889671802
64	157	4.0	877656593
64	88	3.0	891897449
64	134	4.5	887959370
64	117	1.5	881249370
64	248	3.5	891181996
64	191	3.0	885386892
64	25	4.0	891889675
64	181	4.0	876605355
64	146	3.0	886840036
64	234	3.0	888064542
64	86	3.5	879688951
64	83	2.5	889073943
64	275	4.5	887127433
64	147	3.0	887680499
64	94	1.0	887234847
64	90	3.0	875133765
64	79	2.5	884275991
64	122	2.0	886298311
64	60	2.5	886514228
64	22	3.5	885062338
64	163	5.0	889675760
64	295	4.0	877664032
64	65	3.0	881962238
64	226	4.0	889630271
64	190	3.0	888670259
64	95	3.0	889572692
64	106	2.5	884409660
64	288	1.5	880220601
64	18	3.0	888946158
64	177	3.5	888622747
64	230	3.5	879407824
64	277	3.0	877613007
64	84	2.5	879544444
64	274	4.0	881696777
64	155	2.0	884899458
64	63	4.5	890650083
64	13	2.5	892350888
64	208	2.5	885979428
64	256	2.0	876943187
64	75	3.0	887333539
65	4	4.5	879892896
65	210	4.0	883538688
65	140	4.5	884796723
65	213	4.0	890580560
65	90	2.5	878891396
65	285	3.0	884377952
65	237	2.5	888722168
65	291	5.0	880743445
65	71	2.5	891229682
65	103	4.5	882937166
65	96	4.5	875679084
65	196	5.0	878729587
65	149	3.0	884026570
65	284	4.0	891268730
65	252	5.0	876963623
65	22	3.0	886863344
65	155	2.0	890847141
65	300	1.5	889356741
65	156	4.0	883378785
65	253	1.5	890697985
65	287	3.0	878737272
65	238	4.0	887247298
65	115	3.5	891922224
65	14	4.0	875313425
65	2	3.5	883433332
66	298	5.0	886523433
66	30	2.5	879547069
66	75	3.0	875157483
66	164	2.5	879319970
66	237	4.5	892111635
66	70	4.5	884167523
66	183	4.0	887240989
66	84	4.5	890995221
66	28	2.5	888548951
66	140	5.0	886143722
66	185	5.0	880195060
66	215	4.0	878161283
66	25	5.0	882035422
66	149	2.0	879910712
66	150	3.0	891615437
66	272	3.0	882144047
66	40	4.0	881046928
66	264	2.5	892362691
66	100	4.5	892578877
66	94	5.0	893216987
66	49	4.0	878548799
66	86	4.0	888728526
66	279	2.5	890176235
66	166	2.5	877288279
66	162	4.5	878636004
66	155	4.5	879128130
66	139	3.5	875307865
66	186	3.0	890814671
66	50	1.5	886408695
66	274	2.5	885179380
67	186	5.0	891642695
67	72	2.0	890653519
67	227	3.5	887021168
67	268	4.5	880936500
67	176	2.0	889477447
67	89	3.5	878325922
67	156	4.5	880792979
67	15	3.5	886630572
67	61	5.0	887462477
67	114	2.0	888954871
67	66	4.5	881914552
67	73	3.5	891980110
67	117	4.5	882360162
67	158	4.0	888400757
67	65	3.0	878511175
67	108	3.5	885270206
67	67	1.5	878872554
67	41	4.0	890357776
67	218	4.0	878426306
67	58	4.0	892163873
67	40	4.5	879285172
67	10	4.0	891361534
67	248	3.5	886846263
67	221	2.5	884397488
67	22	3.0	876087307
67	101	4.5	877484493
67	56	5.0	885734436
67	17	3.5	891290962
67	263	3.5	878607716
67	31	2.5	887635821
67	241	4.5	884241130
67	130	4.0	890057265
67	23	5.0	885193924
67	34	2.5	889621397
67	155	3.0	882303764
67	6	3.5	888390833
67	50	4.0	884475269
67	64	3.5	889084720
67	106	2.5	881059282
67	103	4.5	877060405
67	95	4.0	890685774
67	180	2.5	887053997
67	47	5.0	880740928
67	75	4.5	875153731
67	143	3.5	891221691
67	297	3.5	878253692
67	179	4.0	888024672
67	181	2.5	889423509
67	83	3.5	892262349
67	257	1.5	877577035
67	124	4.5	878724997
67	259	2.0	879535327
67	292	5.0	887972384
67	35	3.0	888167430
67	51	3.5	878137939
67	8	3.0	880386121
67	271	3.0	876896031
67	112	5.0	886928792
67	99	1.0	881404940
67	145	5.0	886087302
67	88	4.0	881444437
67	276	2.5	888290398
67	3	2.5	878843924
67	110	5.0	882538518
68	218	2.5	887401497
68	256	2.5	886561497
68	143	4.5	884268850
68	298	4.0	885478327
68	140	2.5	876785756
68	205	3.5	875669166
68	183	2.5	876238634
68	244	4.5	879026323
68	208	4.5	887019392
68	249	4.0	886431072
68	262	4.0	875627318
68	76	5.0	886175378
68	233	3.5	887494633
68	56	2.5	877991235
68	63	4.0	889090979
68	129	5.0	886305788
68	251	2.5	886715925
68	255	3.0	888546773
68	119	4.0	886511350
68	69	3.5	876618832
68	16	2.5	882919671
68	51	4.5	883033254
68	28	5.0	882597320
68	35	3.5	885197032
68	14	2.5	877574881
68	92	2.0	876922533
68	196	4.0	884955874
68	168	4.5	878565729
68	79	4.0	886052493
68	156	3.5	880421556
68	50	3.0	875386134
68	40	2.5	892790980
68	267	4.5	885667375
68	253	4.5	875978894
68	239	2.0	890190262
68	104	5.0	888900552
68	151	4.0	891997183
68	252	5.0	888856918
68	259	2.0	883670955
68	134	2.0	875409296
68	278	3.5	890485223
68	176	4.0	875470841
68	277	5.0	885345168
68	280	4.0	887399480
68	10	3.5	887821031
68	17	2.5	885543375
68	221	4.5	878003839
68	61	2.5	891111306
68	197	5.0	878082055
68	231	3.0	881633846
68	162	5.0	885997907
68	193	4.0	891392249
68	227	3.5	891594822
68	236	3.0	886117762
68	19	3.0	880315791
68	91	4.0	884774963
68	286	3.5	886916186
68	85	3.0	889354144
68	160	3.5	881494606
68	200	3.5	891399642
68	250	1.5	877252069
68	57	4.0	892704316
68	292	2.5	881908046
68	284	2.5	884366762
68	293	2.0	883621838
68	241	1.5	876319597
68	288	2.0	884701122
68	81	3.0	888214509
68	260	5.0	882304185
68	29	3.0	877810302
68	201	3.5	877903442
68	135	4.0	886027119
68	254	3.5	883897315
69	291	3.5	891475204
69	272	2.5	881870220
69	244	5.0	890404538
69	219	5.0	883715148
69	108	2.0	892599804
69	178	2.5	889278088
69	40	3.0	876734005
69	155	2.5	892249169
69	259	4.0	881457340
69	154	3.0	886947739
69	222	5.0	890243188
69	277	4.5	879682165
69	161	3.5	882790321
69	103	4.5	879773734
69	213	4.5	884800289
69	206	3.0	889333933
69	129	2.5	888490760
69	264	3.5	885416936
69	233	4.5	876886539
69	281	3.5	881554984
69	93	2.0	888563845
69	10	2.5	883681554
69	265	3.5	884356328
69	96	3.5	880113025
70	121	5.0	891510265
70	208	2.0	878772804
70	123	4.0	892238699
70	59	5.0	892349515
70	77	5.0	883173986
70	99	3.0	891382844
70	15	4.0	877752956
70	126	4.0	882713243
70	159	3.5	878827639
70	238	3.5	885241015
70	249	4.0	885773711
70	287	1.0	887809283
70	224	4.0	882641478
70	217	3.5	888913839
70	19	3.5	882039857
70	104	5.0	879565873
70	82	3.0	878308793
70	140	3.0	880601911
70	70	5.0	881909003
70	133	2.5	883936989
70	143	3.0	889471057
70	282	3.5	888427519
70	91	4.5	883257800
70	22	3.5	876601255
70	11	2.0	891178413
70	29	3.0	892624991
70	43	3.0	887297722
70	161	3.5	878515063
70	153	4.0	885344350
70	33	4.0	893036874
70	209	1.5	888944451
70	187	4.5	890658170
70	47	4.0	882990733
70	204	5.0	884043908
70	72	4.0	879587134
70	58	4.5	886904902
71	189	4.0	888168690
71	158	5.0	881438123
71	11	4.0	884977184
71	18	3.5	885251466
71	28	5.0	877483959
71	123	4.5	878443487
71	130	4.0	880020352
71	283	2.0	883100015
71	197	2.0	892051074
71	159	4.0	879089905
71	186	3.5	888492637
71	63	3.0	885441966
71	274	3.5	889874197
71	122	5.0	890775991
71	227	4.0	879204555
71	199	2.5	883471675
71	5	3.5	880545700
71	202	2.5	885716485
71	131	3.0	884180259
71	155	3.0	881390758
71	47	3.0	877556668
71	121	2.0	888632902
71	153	3.5	887059304
71	108	3.0	880827900
71	83	1.0	887928183
71	225	5.0	887385469
71	163	4.5	882257248
71	209	3.0	875420448
71	141	3.5	875495458
71	42	2.5	882398851
71	252	5.0	877710268
71	242	5.0	890241114
71	212	3.5	881377419
71	171	4.5	883508695
71	217	3.5	880387220
71	52	2.0	876395149
71	134	3.0	888181208
71	260	3.5	889116318
71	34	3.0	883454156
71	181	3.5	879732749
71	216	3.5	877713110
71	281	3.5	887070061
71	168	3.5	880433086
71	233	2.5	878662340
71	15	3.0	875198327
71	27	2.0	892368895
71	95	4.5	889326214
71	228	1.5	889948619
71	70	4.5	891305600
71	2	5.0	878701324
72	105	3.0	883322214
72	98	1.0	877176049
72	137	3.0	877921756
72	148	3.5	876696110
72	254	2.5	876473319
72	196	3.0	885893723
72	67	5.0	882604681
72	221	4.0	890526579
72	106	2.5	886613101
72	111	2.0	876251835
72	145	3.0	874904594
72	97	3.5	883236022
72	215	4.0	891654330
72	93	3.0	887506857
72	210	4.0	884875172
72	75	5.0	887968537
72	15	4.5	887170089
72	149	3.5	879161889
72	135	3.5	876104635
72	121	3.0	880743443
72	231	4.5	883458648
72	128	3.0	880424483
72	190	3.5	891627645
72	299	3.5	891261670
72	235	3.0	886105592
72	44	2.0	890431031
72	6	4.0	879151195
72	241	3.5	877732797
72	69	4.0	885372114
72	166	3.0	892522779
72	204	4.5	889251418
72	109	2.5	879482585
72	197	5.0	883462485
72	217	2.0	878645278
73	23	4.0	886455483
73	66	4.0	877864662
73	256	2.5	881560878
73	144	4.0	884258076
73	185	5.0	880786484
73	221	1.5	880371753
73	145	4.0	891795116
73	135	1.0	883878075
73	136	2.5	881851542
73	265	5.0	874863146
73	161	3.0	892374858
73	224	2.5	880783595
73	85	3.5	888697412
73	162	5.0	877302880
73	252	1.5	882984382
73	78	2.5	891438534
73	285	5.0	877889068
73	226	5.0	885752635
73	28	3.5	875595855
73	97	2.5	884263605
73	77	5.0	878818046
73	118	5.0	887950853
73	94	4.0	887259246
73	19	2.5	878283825
73	241	3.5	885580855
73	134	3.5	879884558
73	84	4.0	875693577
73	240	5.0	877444740
73	60	4.5	890167572
73	254	2.5	890825975
73	21	5.0	889960284
73	227	4.0	883761537
73	183	4.0	874919505
73	288	5.0	885778443
73	249	2.5	876195971
73	235	3.5	889928290
73	253	3.0	885627063
73	58	2.0	879063975
73	76	4.0	881817004
73	64	5.0	876358215
74	145	1.5	886651889
74	166	3.5	883276399
74	29	4.0	877468441
74	37	3.5	891617506
74	281	3.5	875270596
74	196	2.0	878547750
74	48	3.5	890256350
74	205	2.5	880749481
74	131	1.5	880838600
74	92	4.5	887910170
74	123	4.5	876243340
74	46	3.5	877519477
74	11	3.5	888691794
74	107	4.5	884712103
74	84	3.5	885259001
74	199	4.5	889991914
74	207	3.0	889822456
74	146	5.0	883619130
74	79	4.0	886177991
74	62	3.5	881005822
74	153	2.0	881806989
74	252	4.0	880935212
74	222	2.5	877349355
74	159	3.0	883425967
74	68	2.5	878292574
74	184	2.5	889280586
74	50	5.0	892655393
74	189	5.0	875325845
74	263	5.0	874920905
74	103	2.5	887976490
74	251	3.5	878639782
74	229	2.0	875171138
74	244	3.0	880487192
74	138	2.5	890734196
74	289	4.5	890165218
74	217	3.0	888317328
74	47	4.5	891056406
74	96	4.0	884884991
74	223	5.0	886828759
74	219	2.0	887978617
74	21	5.0	884880182
74	175	4.5	877665257
74	238	2.5	878922016
74	115	4.5	879258381
74	80	4.0	875190308
74	254	3.5	881126965
74	270	2.5	878479870
74	269	3.0	875257730
74	43	5.0	881040362
74	149	3.5	875624482
74	240	4.5	881745286
74	224	2.5	890868324
74	41	2.5	879595276
74	245	4.5	882837507
74	154	2.0	889347344
74	77	3.0	892796541
74	66	3.5	881130736
74	128	3.5	877613530
74	268	3.5	884821838
74	152	4.0	890274691
74	292	4.0	879696324
74	25	4.0	890629144
74	283	2.5	888880627
74	40	3.0	875456761
74	24	4.5	878632419
74	56	4.5	880298285
74	262	2.0	879839151
74	218	4.0	889665355
74	212	1.5	891000181
74	49	3.5	890545262
74	130	5.0	875383308
75	231	2.5	876860972
75	300	2.5	886057207
75	125	4.5	889173935
75	104	2.0	878548884
75	151	3.0	882331172
75	292	4.0	878774328
75	201	3.0	882244111
75	27	3.5	891044421
75	171	4.0	883375785
75	5	4.0	886144095
75	53	4.0	886644619
75	222	3.0	876290908
75	213	4.0	883700226
75	254	3.5	879797414
75	297	4.0	892018242
75	284	3.0	878219136
75	149	3.5	876416592
75	19	2.5	889415736
75	250	3.5	890063636
75	205	2.5	878446931
75	249	2.5	878277851
75	263	4.0	878142834
75	119	3.5	876132970
75	32	4.5	891747065
75	271	3.0	878261719
75	10	4.0	880329853
75	217	4.0	878686124
75	296	4.0	881616328
75	162	2.5	886859282
75	33	3.5	879993847
75	138	4.0	884526730
75	214	3.5	889539592
75	243	1.5	891699783
75	60	3.5	891447936
75	178	5.0	878056471
75	230	3.0	879902015
75	224	3.0	886929695
75	11	4.0	885952275
75	83	4.0	879347586
75	148	4.5	878851350
75	99	2.0	881499025
75	241	4.0	889458744
75	177	4.0	888674959
75	225	3.5	874945752
75	260	4.0	882956151
75	113	4.5	890618214
75	174	4.5	886177511
75	240	2.5	884346721
75	68	4.5	891670460
75	200	3.5	880471302
75	185	3.5	877584683
75	242	3.5	883650713
75	107	3.5	887221600
75	145	4.5	888650088
75	45	3.5	886825894
75	248	2.5	882960688
75	67	3.0	879811938
75	89	3.5	892496824
75	103	4.5	888875359
75	81	4.0	882381227
75	252	2.5	879355031
75	52	5.0	889113617
75	253	4.0	888596428
75	156	5.0	888458851
75	121	3.5	890117908
75	108	4.0	892044007
75	286	4.5	886863843
75	25	4.5	875723388
75	184	4.5	889575186
75	134	4.5	879609708
75	183	3.0	875058533
75	82	3.0	892084051
75	90	4.0	877059467
75	258	4.5	877569394
75	17	3.5	886076296
76	206	4.5	892217838
76	85	5.0	886157002
76	223	2.5	880094336
76	32	2.5	875510613
76	202	3.5	875660584
76	19	4.0	892841843
76	78	3.0	883404912
76	295	5.0	882822729
76	30	4.0	884923314
76	267	3.5	888909707
76	152	2.0	891678911
76	215	2.0	878430525
76	284	4.0	876736155
76	156	1.5	887239804
76	161	4.5	883440690
76	177	3.5	891753563
76	5	5.0	886618861
76	144	5.0	878879185
76	271	3.5	876326359
76	76	3.5	878910618
76	207	4.5	889781821
76	229	5.0	884722625
76	106	2.0	874899642
76	279	1.5	889929805
76	227	3.0	886099001
76	208	4.0	882646821
76	102	4.0	892618907
76	155	4.5	882571007
76	44	2.5	886480073
76	276	1.0	884764250
76	172	4.5	884272136
76	200	2.5	879421373
76	65	1.5	887397068
76	277	3.5	892161829
76	146	4.5	883033905
76	110	3.5	878255539
76	48	3.0	885725428
76	262	3.5	892053957
76	283	3.0	881185792
76	160	2.0	886846836
77	51	3.0	887289494
77	76	4.0	884900429
77	218	4.0	884589085
77	211	3.5	891029665
77	42	2.5	875663488
77	48	3.5	879518611
77	32	1.5	879494130
77	67	3.5	888876525
77	244	5.0	876357168
77	110	2.0	884964313
77	229	3.0	884236797
77	40	4.0	881958423
77	190	5.0	880867759
77	270	3.0	891125903
77	207	3.0	874794696
77	287	1.5	878829353
77	266	3.5	893097013
77	203	5.0	886423427
77	136	4.0	876991799
77	300	3.5	876224005
77	256	4.0	888736207
77	217	3.5	890870311
77	226	2.5	885116580
77	251	4.5	889903876
77	214	3.5	886060177
77	84	3.5	887384986
77	74	2.5	890670700
77	259	5.0	879181060
77	66	4.0	879372746
77	249	3.0	891661774
77	235	4.5	890191161
77	263	3.0	889821835
77	271	2.5	889793157
77	61	2.5	879723736
77	109	1.5	885637157
77	234	4.0	877721623
77	243	1.5	888469555
77	17	2.5	887718164
77	81	1.5	882536929
77	210	3.5	887992036
77	57	3.5	886099591
77	62	3.0	892877471
77	293	2.5	876262164
77	149	2.5	889592551
77	21	4.0	884031873
77	268	3.0	877695280
77	79	4.0	880281819
77	191	2.5	875556997
77	157	3.5	885087931
78	64	5.0	888576744
78	287	4.0	885603653
78	44	3.0	883379548
78	99	4.0	887324840
78	278	3.5	878783664
78	296	3.5	876465450
78	28	3.0	881521477
78	292	3.5	882765122
78	268	3.5	882660035
78	97	2.5	891266355
78	244	2.5	891791207
78	258	2.0	891650278
78	10	2.0	887644799
78	62	2.5	878586200
78	273	3.5	883760500
78	93	2.5	876759181
78	141	4.0	885406308
78	106	3.5	890321599
78	126	1.5	893284373
78	297	4.0	888383929
78	228	4.5	876921123
78	274	2.5	890970810
78	165	4.0	875694649
78	206	2.5	888397932
78	24	3.5	882567738
78	252	2.0	875349588
78	12	1.5	883756212
78	175	3.0	878130800
78	224	3.5	882989706
78	213	3.0	878938185
78	13	2.5	884945820
78	271	3.0	888372838
78	163	4.0	889689391
78	196	3.5	877540207
78	132	3.5	891516434
78	47	3.0	881551590
78	59	4.5	879501754
78	51	2.5	887250754
78	87	4.0	892858858
78	147	4.5	880368173
78	74	4.0	882950964
78	94	3.5	892761412
78	131	3.0	888943482
78	46	4.5	889882656
78	79	2.0	876127019
78	158	2.5	874758299
78	209	3.0	890315845
78	31	4.5	884430311
78	167	4.0	880341107
78	14	2.5	874742927
78	30	3.0	876743848
78	153	3.0	890904196
78	200	3.0	883895234
78	164	4.5	883143146
78	73	2.0	887480545
79	109	5.0	892798782
79	300	4.5	875763136
79	262	4.5	889662363
79	145	3.0	878865850
79	24	3.5	886569247
79	83	2.0	887353807
79	274	3.0	886736047
79	289	4.0	887701921
79	36	5.0	880670106
79	154	2.5	875007620
79	46	3.0	878911090
79	203	3.5	890250095
79	63	2.0	887155977
79	72	4.0	881200408
79	285	3.0	889642260
79	144	3.5	875038890
79	222	3.0	882157713
79	108	2.5	875388472
79	259	3.5	884158017
79	163	3.5	886731191
79	176	3.0	881150775
79	134	3.0	877743485
79	232	4.0	884897693
79	140	5.0	882145194
79	126	3.5	882585102
79	165	4.5	891294179
79	175	2.0	886904941
79	236	3.5	875959380
79	169	2.5	884145330
79	9	2.0	891261604
79	69	3.0	881740482
79	2	4.5	874964134
79	244	4.5	881304290
79	3	3.5	888015156
79	5	2.0	878447457
79	89	3.5	884030949
79	212	4.0	891512852
79	251	3.5	891300979
79	202	1.5	880444972
79	276	2.5	893239548
79	42	3.5	881226560
79	40	4.0	880614480
80	66	1.5	892080971
80	34	3.5	876183142
80	133	3.5	882259297
80	292	4.5	876300582
80	117	4.0	884050594
80	268	4.0	888819654
80	141	2.5	892589434
80	99	1.5	889786002
80	12	3.0	885336029
80	273	4.5	874897826
80	130	5.0	887873312
80	287	4.0	881254675
80	233	4.0	885955573
80	2	4.0	877469761
80	219	3.0	875576050
80	27	3.5	882295529
80	166	5.0	888945757
80	222	2.5	877222514
80	209	5.0	883112786
80	63	3.0	881330799
80	266	5.0	880243795
80	239	2.0	885771655
80	254	4.0	885153624
80	186	3.0	876833408
81	50	2.0	890877790
81	15	3.5	889643826
81	246	4.5	880963264
81	222	2.5	882883553
81	13	2.0	879344239
81	172	3.5	876203480
81	129	3.5	876754457
81	127	4.0	879008965
81	56	4.5	885182514
81	243	3.5	889349346
81	123	5.0	891942352
81	175	3.5	886728594
81	28	3.0	885166454
81	171	2.0	892882479
81	267	3.0	879611063
81	122	3.0	879670937
81	38	4.5	890479313
81	225	4.0	885082104
81	49	2.5	886230535
81	229	3.5	884491195
81	297	4.0	887100590
81	64	5.0	874995891
81	44	4.5	892095188
81	32	4.5	879576693
81	18	3.5	876647971
81	194	4.0	882690107
81	161	4.5	891740426
81	34	2.0	876557026
81	66	3.0	888886731
81	227	2.5	886261264
81	29	4.0	881281485
81	155	4.5	881448075
81	53	3.0	881477916
81	287	1.0	877019959
81	27	3.0	886185290
81	151	4.5	881078428
81	196	4.0	890687394
81	206	4.0	890408131
81	211	3.0	885836106
81	120	2.0	885987606
81	6	4.0	884778677
81	233	2.5	888773792
81	197	5.0	885751335
81	238	4.0	880169922
81	220	3.0	878242821
81	52	3.0	889968558
81	174	3.5	876140443
81	14	3.5	891365382
81	265	4.5	882086749
81	169	3.5	874848763
81	99	3.0	882208190
81	7	5.0	882451423
81	35	3.5	890379085
81	100	4.5	881876451
81	294	3.0	882744858
81	65	4.0	890855875
81	261	4.0	885848511
81	132	1.5	887338217
81	182	5.0	881613983
81	216	5.0	888156970
82	4	3.0	878448212
82	186	2.5	886078968
82	6	4.0	881779105
82	38	3.5	884961240
82	184	4.0	890032365
82	16	3.5	882782804
82	285	4.0	887127792
82	59	5.0	887218711
82	73	4.0	880474590
82	149	2.5	892405437
82	226	5.0	889277873
82	100	5.0	876918415
82	300	5.0	878700686
82	185	2.5	879571051
82	23	3.5	879113451
82	102	1.5	881088010
82	146	4.0	881156466
82	90	3.0	892594280
82	113	5.0	887414846
82	135	2.5	887282634
82	174	2.0	885393395
82	284	3.0	889137686
82	126	1.5	882930434
82	92	4.5	876274763
82	101	1.5	881069925
82	12	3.5	892692046
82	91	1.5	884595844
82	52	3.0	879709788
82	11	5.0	885719846
82	71	4.0	883018414
82	195	2.5	876511784
83	144	3.5	875554115
83	65	3.5	880749936
83	261	4.0	889545316
83	300	2.0	882569414
83	251	4.0	883637601
83	108	1.0	877271103
83	42	3.0	886773869
83	241	3.0	877490216
83	34	4.0	884607088
83	86	3.5	891561146
83	199	2.0	891931120
83	192	2.5	893067303
83	256	3.5	877347291
83	266	3.5	883999992
83	238	3.0	882366449
83	92	3.0	878026771
83	165	4.0	878703859
83	270	3.0	877118774
83	248	3.5	886812254
83	254	5.0	876009220
83	243	2.0	893046304
83	138	1.5	881445884
83	298	4.5	885923764
83	206	3.0	881323065
83	299	3.0	885772214
83	19	2.5	883114111
83	107	3.0	884882159
83	113	5.0	883934212
83	104	4.5	881121608
83	232	4.5	879350695
83	121	2.0	892948982
83	203	2.5	883486961
83	112	1.0	875011059
83	157	2.5	884773395
83	218	4.5	884181867
83	194	4.0	886355761
83	293	3.5	888274363
83	81	3.5	888339705
83	131	3.0	875123696
83	282	3.5	890562535
83	44	4.5	891926287
83	69	2.0	879733753
83	152	4.0	888062774
83	228	4.5	882360977
83	181	3.0	882339093
83	118	4.0	881766947
83	22	5.0	890644216
83	239	3.5	882567158
83	263	4.0	892032936
83	173	3.0	893267400
83	219	3.5	890452958
83	231	4.0	890206763
83	240	3.5	886155348
83	222	2.5	877606225
83	210	3.5	885229758
83	189	5.0	881027794
83	255	4.0	889112614
83	163	4.5	888739989
83	140	3.5	881757207
83	196	4.0	889444395
84	286	4.0	881633309
84	16	2.5	882544215
84	192	4.0	884492590
84	72	2.5	892320509
84	296	3.0	877072830
84	66	3.5	889980691
84	157	4.0	876652518
84	5	2.5	887094627
84	256	4.5	892123746
84	182	4.0	875095388
84	174	3.0	880490224
84	116	2.0	885689361
84	215	3.5	888510925
84	218	3.0	887848025
84	207	3.5	879993945
84	276	3.0	878440660
84	154	1.5	879057851
84	167	3.0	892725086
84	12	3.0	888764327
84	291	4.0	890772155
84	17	3.0	877032013
84	79	5.0	887777145
84	170	1.5	881653018
84	294	5.0	879084513
84	201	3.5	881626085
84	196	4.5	885118436
84	105	3.5	889226958
84	33	4.5	890655684
84	274	3.0	880052524
84	198	2.5	885137111
84	97	5.0	881535348
84	244	3.5	891584973
84	56	3.5	890124732
84	169	4.5	883966975
84	292	2.5	881492730
84	232	4.0	874974465
84	156	3.0	879512658
84	48	3.5	889680980
84	88	3.5	876871188
84	54	2.0	888120877
84	284	2.5	883007290
84	91	5.0	892369526
84	251	4.5	885760476
84	14	3.5	891198547
84	96	3.5	890166612
84	102	3.0	890250193
84	36	5.0	876036177
84	146	3.5	877781608
85	234	3.5	876222417
85	178	4.5	890232477
85	153	2.5	875621213
85	201	5.0	877180743
85	90	2.0	890223635
85	213	5.0	887514168
85	128	3.0	886255949
85	92	3.5	888124398
85	222	1.5	881247811
85	235	3.0	888034891
85	197	2.5	875992217
85	94	3.0	875084996
85	292	3.5	883133643
85	49	4.5	878572823
85	202	3.5	879304238
85	23	4.0	885700712
85	123	2.5	890302205
85	81	2.5	890990530
85	141	5.0	890205282
85	276	3.0	877014369
85	150	5.0	877494582
85	35	3.5	893126918
85	112	3.5	882854734
85	253	4.5	889412278
85	211	5.0	879430912
85	284	3.5	890521724
85	63	3.0	884091157
85	189	3.5	880139272
85	40	4.0	880448730
85	54	4.5	875330908
85	259	3.5	878097437
85	167	4.0	880671783
85	210	5.0	884594566
85	231	4.0	878890539
85	85	4.0	892664715
85	130	2.0	887839443
85	107	1.0	880377067
85	260	4.0	877328040
86	6	3.5	882058395
86	140	3.0	888518830
86	79	3.5	884842520
86	226	3.5	891487699
86	184	4.5	878141007
86	92	3.5	892715976
86	111	3.0	880477923
86	18	4.5	883178418
86	273	3.5	877903810
86	227	4.0	885608233
86	25	3.0	887762802
86	268	3.0	879185148
86	53	3.5	885866343
86	200	3.5	880607843
86	158	4.0	885393911
86	228	3.0	890902321
86	27	1.5	876990086
86	3	3.0	885968975
86	194	4.5	875316905
86	104	3.0	889787682
86	128	3.5	887554965
86	192	4.5	891871901
86	123	3.0	882523614
86	103	2.0	891616683
86	47	3.5	875170704
86	9	3.0	882529669
86	216	2.5	875436512
86	15	3.5	878887344
86	8	4.0	885087950
86	173	3.5	882656854
86	99	4.0	889102712
86	33	5.0	882896748
86	113	3.0	877388584
86	50	4.0	876735392
86	86	3.0	879340306
86	23	2.5	887291637
86	213	3.0	891459193
86	263	3.0	884677448
86	56	4.0	881503100
86	168	5.0	879813930
86	166	3.0	887332718
86	288	3.0	881582743
86	98	3.5	875996648
86	107	4.0	882712811
86	278	4.0	889613690
86	203	5.0	885753711
86	220	1.0	879229963
86	62	1.0	884057084
86	119	3.0	885379539
86	110	4.5	876053716
86	55	2.0	892202302
86	183	1.0	888646222
86	89	4.0	884403657
86	206	3.5	875519726
86	162	2.5	882409011
86	7	2.5	885840295
86	109	2.5	886224767
86	235	3.5	882853237
86	34	3.0	881630797
86	143	4.0	892821009
86	189	1.0	876539131
86	35	2.5	883057552
87	114	2.5	887282718
87	196	3.0	891215160
87	267	3.0	888299331
87	165	4.5	888677319
87	94	1.5	887966956
87	227	3.5	887245375
87	4	4.0	887610867
87	34	5.0	891151319
87	252	3.0	885053127
87	36	4.0	877114938
87	99	1.5	888441345
87	27	1.0	876027524
87	73	4.5	878901482
87	105	3.5	887637328
87	65	4.5	880172687
87	47	2.0	881241926
87	89	4.0	889364439
87	282	5.0	883289761
87	121	4.0	886421069
87	260	4.0	891824329
87	41	3.5	891120138
87	219	2.0	887078798
87	240	5.0	876660955
87	160	3.0	887654345
87	85	4.0	888953142
87	102	2.0	883005669
87	126	2.5	882856722
87	218	5.0	890754519
87	91	3.0	875882591
87	128	5.0	886851761
87	156	3.5	875672826
87	147	1.5	879686883
87	296	4.5	883493513
87	230	3.0	890007772
87	104	4.0	879669539
87	140	3.5	883257200
87	247	2.0	883026573
87	185	3.5	880141315
87	204	5.0	875138684
87	194	4.0	878641540
87	86	3.5	877821978
87	242	4.5	887621279
87	226	3.5	888068197
87	217	3.5	877420752
87	259	2.5	892123925
87	222	3.5	881060566
87	80	4.5	888916384
87	11	2.5	880288826
87	43	5.0	889048139
87	154	3.5	883209660
87	276	2.5	884865515
87	79	4.5	891523629
87	284	3.0	892615977
87	90	4.5	887568964
87	132	3.0	885058765
87	195	3.5	888536015
87	238	4.0	877706807
87	157	4.0	878391339
87	233	1.5	886280615
87	146	2.5	879513379
87	193	4.5	883751568
87	288	3.5	881755220
87	37	3.0	888078374
87	171	2.0	885062842
87	70	2.5	874940139
87	241	1.5	880375232
87	101	3.5	891224204
87	98	3.0	874777678
87	3	2.5	877975150
87	7	3.5	877068201
87	257	4.0	888745080
88	214	5.0	882764252
88	148	2.0	886844927
88	221	4.5	888095189
88	88	4.5	887422904
88	91	2.5	876645417
88	192	3.5	886671068
88	96	3.0	885806237
88	69	3.5	878086104
88	102	5.0	874828214
88	250	4.0	890056376
88	94	4.0	888207161
88	258	3.0	879384180
88	57	2.0	875586402
88	231	3.5	878848366
88	291	4.5	892529676
88	109	2.0	884102084
88	103	2.5	883064249
88	31	3.5	887087165
88	99	2.5	889888564
88	133	2.5	890669756
88	210	3.0	892002356
88	226	2.0	888586938
88	56	2.5	881030760
88	86	4.0	874829705
88	41	2.0	885535396
88	151	2.0	875282730
88	44	3.0	886811204
88	194	4.0	876259968
88	64	3.5	885647523
88	142	3.0	889633150
88	33	3.5	882561637
88	176	2.0	890983045
88	16	4.0	888152025
88	300	4.0	877455008
88	121	3.0	886412858
88	245	4.5	889083197
88	249	2.5	890700710
88	52	4.5	878095444
88	5	3.5	887638419
88	32	3.0	884585115
88	137	3.5	881270406
88	4	3.5	879528410
88	299	4.5	892174840
88	22	2.5	891657505
88	50	2.5	875789920
88	268	4.5	879015025
88	193	3.0	891432302
88	267	4.5	877646961
88	243	5.0	884836281
88	173	3.0	893137592
88	220	4.0	890388021
88	190	2.5	880363627
88	162	4.5	889699606
89	247	3.5	887375077
89	277	4.0	887530775
89	124	3.0	889386730
89	125	2.0	882555222
89	109	4.0	882225831
89	88	1.5	883418460
89	46	3.0	878606621
89	55	4.5	884488261
89	223	3.5	877666774
89	15	5.0	878462087
89	83	4.5	877715732
89	168	3.0	886141197
89	197	3.5	881038190
89	144	3.5	878620588
89	113	2.0	887063917
89	132	2.5	879000130
89	244	3.0	885239739
89	64	1.5	887481940
89	70	3.5	874781030
89	274	3.5	885153391
89	252	2.0	876801223
89	47	4.0	892696565
89	171	4.0	881095276
89	115	3.5	887748712
89	295	3.0	888941672
89	34	4.0	885450148
89	176	4.0	886972877
90	65	4.0	890625341
90	267	2.5	880752189
90	114	4.0	876485382
90	55	4.5	878662216
90	203	3.0	892019844
90	5	5.0	886082409
90	276	3.0	889281341
90	236	3.5	879709835
90	162	3.0	888280499
90	75	3.5	882945579
90	152	2.0	875865320
90	113	3.0	878711061
90	256	2.5	882806476
90	234	3.5	888033900
90	76	4.5	891120274
90	146	4.0	884881287
90	18	1.0	880512413
90	164	5.0	887320092
90	159	4.0	877731561
90	258	2.5	890283020
90	64	3.5	887545889
90	141	3.5	883959427
90	294	3.0	889660401
90	245	3.5	887050026
90	111	3.0	875114022
90	254	3.0	878751254
90	150	3.0	878638084
90	193	2.0	877497547
90	31	3.5	878820080
90	171	4.0	891140156
90	79	4.0	891829031
90	108	4.5	882272277
90	116	4.0	875497359
90	27	3.0	890814005
90	92	4.5	883909390
90	250	2.0	877897390
90	201	2.5	880801303
90	154	2.5	887608265
90	82	4.5	890971479
90	12	4.5	889275806
90	281	4.0	884736122
90	173	4.5	878926947
90	217	2.5	878061404
90	243	4.0	885637583
90	179	3.5	876855359
90	37	4.5	892760588
90	271	3.5	880928583
90	145	3.0	888325345
90	100	4.0	875387288
90	202	4.5	887938329
90	50	3.0	892723870
90	68	3.5	892511500
90	166	2.5	891118172
90	298	1.0	876869900
90	28	3.5	892136142
90	156	4.0	892809937
90	235	4.0	878888456
90	84	1.5	881686038
90	296	3.0	878661519
90	71	1.5	880786793
90	227	5.0	880762412
90	248	2.5	874903353
90	112	5.0	889731355
90	101	4.5	885270736
90	186	2.5	878853425
90	295	2.5	876038136
90	53	4.0	879047057
90	219	2.5	881644637
90	87	3.5	880134028
90	29	3.0	877671491
90	183	1.5	883340162
91	18	1.5	883893559
91	44	3.5	879634717
91	64	3.0	882300142
91	260	3.0	883906772
91	153	4.0	875055668
91	187	4.5	878011261
91	279	3.0	887379964
91	88	3.0	882181362
91	217	4.0	887429503
91	1	2.0	878248016
91	128	3.5	878868799
91	154	4.0	880621276
91	24	4.0	892390302
91	266	1.5	885010806
91	151	2.5	891153584
91	274	2.5	877930519
91	228	3.5	892473666
91	72	4.0	886431858
91	296	5.0	884186949
91	252	3.0	893231396
91	161	3.0	883819771
91	268	4.5	878048818
91	181	4.0	876334090
91	276	5.0	880454042
91	262	4.0	885394898
91	108	2.5	887796286
91	51	2.0	880787072
91	23	2.0	886306790
91	122	4.0	892565002
91	19	4.5	893235740
91	97	5.0	888235444
91	73	4.5	890725539
91	111	4.5	879005322
91	69	3.0	883417355
91	283	2.5	875043392
91	184	4.5	891957105
91	143	4.0	879942131
91	66	3.5	878964928
91	39	4.0	879511925
91	282	4.0	887435151
91	131	5.0	883696155
91	134	5.0	876498552
91	196	4.0	887144906
91	84	4.5	883083509
91	205	4.0	888758641
91	234	3.0	890085479
91	43	4.5	880868678
91	218	2.0	889453763
91	74	4.5	886603026
91	275	2.5	890450525
91	105	4.0	891576727
91	37	2.5	884348780
91	138	4.0	883979793
91	99	3.5	889078124
91	191	2.0	892192968
91	289	4.0	882400759
91	215	3.0	884965100
91	79	4.5	877642008
91	162	3.5	884981008
91	223	4.0	888365082
91	195	2.5	885218419
91	14	3.0	877749326
91	127	3.0	877391444
91	40	4.5	877298107
91	139	5.0	882779006
91	273	2.5	877866532
91	57	4.5	880264987
91	281	1.5	876651121
91	209	2.5	877562915
91	34	2.5	884316273
91	169	2.0	891262029
91	46	2.0	875083563
91	186	4.0	888951239
91	171	3.5	891793257
92	70	4.0	889440746
92	246	4.0	889467074
92	255	4.0	880154968
92	264	4.0	879418116
92	273	3.5	886594180
92	64	2.5	889285996
92	208	4.5	874919668
92	8	3.0	886778694
92	98	2.5	881384077
92	4	3.5	878438032
92	218	2.5	881085525
92	274	3.0	884284359
92	177	4.0	876075487
92	126	4.0	879210277
92	271	2.5	887963477
92	22	3.0	888852997
92	230	4.5	885838391
92	87	4.0	875785249
92	269	5.0	880103904
92	116	4.5	881401770
92	90	4.5	890807180
92	39	2.0	883643465
92	188	4.5	878710718
92	69	3.5	888854324
92	181	3.0	891135103
92	27	3.5	893183797
92	217	4.5	891353199
92	254	4.0	879000685
92	195	2.5	885626132
92	88	4.0	888142322
92	192	3.0	891564289
92	58	3.5	887772300
92	174	3.0	879134355
92	128	3.5	878406731
92	277	4.5	878344548
92	61	2.5	875434460
92	149	5.0	878956715
92	154	1.5	879943833
92	248	3.0	886271479
92	151	4.0	891501957
92	136	4.0	875182692
92	110	3.5	882660498
92	2	3.5	876470877
92	292	4.0	886205056
92	202	3.5	889141876
92	112	5.0	874994114
92	157	4.5	889298356
92	19	4.5	890837313
92	238	2.5	884437598
92	250	3.5	884194554
92	30	3.0	891029789
92	183	2.5	877496805
92	236	4.0	889117948
92	169	3.0	883037729
92	153	4.0	879841617
92	182	2.5	891879072
92	55	5.0	880994699
92	3	2.5	883095426
92	180	3.5	884158163
92	96	4.5	878584140
92	206	3.0	883567333
92	5	4.5	883024545
92	52	2.5	889124894
92	221	5.0	881382327
92	252	3.5	890625914
92	102	3.0	878182993
92	44	3.0	891580240
92	79	4.5	880804378
92	211	3.0	881055390
92	80	3.0	879715129
92	129	3.5	882421566
92	241	2.5	878766716
92	203	5.0	879163820
92	187	3.0	888189538
92	220	4.5	876012073
92	94	3.5	883913981
92	275	2.5	881173113
92	138	3.5	879630674
92	56	4.5	889029064
93	103	3.5	883011602
93	47	4.5	885456789
93	27	4.5	876320437
93	195	4.5	880823282
93	209	3.0	876096721
93	269	2.5	874742692
93	157	3.0	876473923
93	119	3.5	885517144
93	114	4.0	881837496
93	173	1.5	884298358
93	219	3.5	890564353
93	246	3.5	884125297
93	32	3.0	878105711
93	262	5.0	889183567
93	156	4.0	880926911
93	57	5.0	883189253
93	138	3.5	891209544
93	187	4.5	886924472
93	144	5.0	885941357
93	180	5.0	884937226
93	215	2.5	878466989
94	7	3.0	881502675
94	283	3.0	892627930
94	67	4.0	879881098
94	170	4.0	876194766
94	185	2.5	879014038
94	186	3.5	881157320
94	271	1.5	888757594
94	191	5.0	893196279
94	122	3.0	883198059
94	142	3.5	886379490
94	108	3.0	887006035
94	300	4.5	889773276
94	197	1.0	878664971
94	45	3.5	889358662
94	55	3.5	876996630
94	62	3.0	890925481
94	22	5.0	888784156
94	98	2.5	892299271
94	99	4.5	891631762
94	229	4.0	875458709
94	51	5.0	880326123
94	39	3.0	883923611
94	280	3.0	879051025
94	176	4.5	884443964
94	155	4.0	876249598
94	243	2.0	876764597
95	98	3.0	879947171
95	204	4.0	889691862
95	254	4.5	882500048
95	273	3.0	889284097
95	263	1.0	887094216
95	39	4.0	879701979
95	85	2.5	890797514
95	225	1.5	877868460
95	261	1.0	891366405
95	197	4.5	880815293
95	288	3.5	890139284
95	200	3.5	880933220
95	206	5.0	880633999
95	140	4.0	881061797
95	106	5.0	891183775
95	95	2.0	880778152
95	2	3.5	884188544
95	82	2.0	875430940
95	293	3.5	885131960
95	112	3.5	880191352
95	5	4.0	880688482
95	234	3.5	887951777
95	258	4.0	881027843
95	269	4.0	877055203
95	133	5.0	879540521
95	156	3.0	877142262
95	113	2.5	889032153
95	152	3.5	882954063
95	138	2.5	889992787
95	283	5.0	888230513
95	61	3.0	878087998
95	88	3.0	892400465
95	115	3.0	879331441
95	24	4.0	875120267
95	274	3.5	878071091
95	122	3.0	887404095
95	150	5.0	887609294
95	21	2.5	875419820
95	76	3.5	878416889
95	143	4.0	875179441
95	69	2.0	876192382
95	139	4.0	879159902
95	27	2.5	883057716
95	128	4.5	877529711
95	108	2.5	883705771
95	60	4.0	879510766
95	1	4.5	875177590
95	178	4.5	875039993
95	189	4.0	878292852
95	167	3.5	892923632
95	43	3.0	886079191
95	282	5.0	877575668
95	136	3.0	881513497
95	210	2.5	879396496
95	151	4.0	890845112
95	30	2.5	889633823
95	6	2.5	880198929
95	183	2.0	885038838
95	144	3.0	885856604
95	91	3.5	890794208
95	132	3.5	879909316
95	9	4.5	882905577
95	276	4.0	876599580
95	299	3.5	892962430
95	55	3.5	883699065
95	196	4.0	892965332
95	227	5.0	878854439
95	105	3.5	875436329
95	298	3.0	876218749
95	203	2.5	878174619
96	152	2.0	879004099
96	53	4.0	880827332
96	262	4.0	887643750
96	213	4.0	886556296
96	73	3.5	885439169
96	1	5.0	891307527
96	115	3.0	888946154
96	13	4.5	890874073
96	117	3.5	888614377
96	219	3.0	885913943
96	198	4.0	879362646
96	76	4.0	882976017
96	181	4.0	887582272
96	147	3.5	888772596
96	116	3.5	893157476
96	197	5.0	891404695
96	58	4.5	892802067
96	252	4.0	892635080
96	87	3.5	891253670
96	57	4.5	892591587
96	145	4.0	892717017
96	183	3.5	882446071
96	40	3.0	887630659
96	171	3.5	877530455
96	61	1.0	888879337
96	185	3.5	892406081
96	44	3.0	882084337
96	23	5.0	877652341
96	78	3.5	882616479
96	92	2.5	886861664
96	220	3.5	874820880
96	272	2.5	881545643
96	172	4.0	875300324
96	93	4.0	886884783
96	218	4.5	890627039
96	77	2.5	879207336
96	155	3.5	878420942
96	179	2.0	876723795
96	54	4.0	886446868
96	139	4.0	886833113
96	256	4.0	879400495
96	189	3.5	884613110
96	136	4.0	890172780
96	2	5.0	879561253
96	164	3.0	893229992
96	200	3.5	888853708
96	229	2.5	882861572
96	245	2.5	881795882
96	35	3.5	882260605
96	296	4.5	876599250
96	143	3.0	879348554
96	75	3.5	878658490
96	47	3.0	879525563
96	166	3.0	887390192
97	14	4.0	878227794
97	218	2.0	877335532
97	191	5.0	886894957
97	28	3.0	885981271
97	55	4.0	875665873
97	298	2.0	882762000
97	38	4.0	884194003
97	245	4.0	880186042
97	81	4.0	892896713
97	16	2.5	878297067
97	76	3.5	876916457
97	188	2.5	881835227
97	73	3.0	875093037
97	41	4.5	885097059
97	126	4.5	881024346
97	40	3.5	893236400
97	7	2.5	881493508
97	292	4.0	875810759
97	214	3.5	882789019
97	77	1.0	883756489
97	94	4.5	877578157
97	241	3.5	876230449
97	72	4.5	890958578
97	271	2.5	876257497
97	154	1.0	876336963
97	211	4.0	885280273
97	173	4.0	877852349
97	228	2.0	885079770
97	147	2.5	875009208
97	57	5.0	886691869
97	80	3.0	884200554
97	31	4.0	888083950
97	17	3.0	891509176
97	89	1.5	881263922
97	258	3.5	885276654
97	83	3.0	887832457
97	6	3.0	886664628
97	203	3.5	879070575
97	217	4.0	877992235
97	233	3.5	885841903
97	284	2.0	888390979
97	133	4.0	891621997
97	293	1.5	878113804
97	257	1.5	891574977
97	157	4.0	879764138
97	117	4.0	875519457
97	140	3.5	887546252
97	48	2.0	890728598
97	268	3.0	875979923
97	194	3.0	884459501
97	65	2.0	880134456
97	109	3.0	879809475
97	206	4.0	890263976
97	29	5.0	877367217
97	113	3.0	877855031
97	201	4.5	882494912
97	95	1.5	881960629
97	287	4.0	879451275
97	240	2.5	880128551
97	161	4.0	891556281
97	208	3.5	892048889
97	195	5.0	892283310
97	85	2.5	886180706
97	100	4.0	889739654
97	139	3.0	879126970
97	56	3.5	886100357
98	185	3.5	891107963
98	221	2.5	876053218
98	21	3.5	886920810
98	199	3.5	884342251
98	123	3.5	888177997
98	107	3.5	888449587
98	39	4.5	879052702
98	79	4.5	889516432
98	291	2.5	887030202
98	255	4.5	891920660
98	50	2.5	885248903
98	8	4.0	887263434
98	74	4.0	877526187
98	159	1.5	888589207
98	281	3.5	891701320
98	45	3.0	889827300
98	256	2.5	883543735
98	49	5.0	876156664
98	233	3.0	876639281
98	161	2.5	882939398
98	87	3.5	874991231
98	152	4.0	879910957
98	83	3.5	878257924
98	35	4.5	884477661
98	144	4.0	887335193
98	296	1.5	880033215
98	187	3.0	888122337
98	181	3.0	877173468
98	46	4.0	882209069
98	37	1.0	887751312
98	92	5.0	890236204
98	236	4.0	877862154
98	133	3.5	886433125
98	243	4.5	890356968
98	132	5.0	890444582
98	227	4.5	892680215
98	72	4.5	890322588
98	64	3.5	878386137
99	93	3.5	887484951
99	56	3.0	876818515
99	204	2.5	886854394
99	222	3.0	889156797
99	103	2.0	890609701
99	206	3.5	881885924
99	169	2.0	876539250
99	34	3.5	881821233
99	163	3.5	875494540
99	176	3.5	888915562
99	249	3.0	883779310
99	109	5.0	883182818
99	244	5.0	880633834
99	59	2.5	877529568
99	143	3.5	879480644
99	233	3.0	877048658
99	20	2.5	883915447
99	280	2.0	888316552
99	80	4.0	877466412
99	241	3.0	884735231
99	75	4.5	889871882
99	110	4.5	888808238
99	164	5.0	892333335
99	291	2.5	881908878
99	17	4.0	883430314
100	28	4.0	883542905
100	48	3.0	892196224
100	220	2.5	874848085
100	176	5.0	889842960
100	153	3.5	878943079
100	85	4.0	889801677
100	102	2.5	877994457
100	179	2.5	875948976
100	215	3.0	882060472
100	247	3.5	881021432
100	244	2.5	888823480
100	275	3.5	893048323
100	83	2.0	880298135
100	224	2.5	887393406
100	182	4.0	881977073
100	293	4.0	886404523
100	200	3.0	881763190
100	6	2.5	881138941
100	288	2.5	875206921
100	40	3.0	887148453
100	297	4.0	886931626
100	75	4.5	875267998
100	166	3.0	884856285
100	163	2.5	885024760
100	8	4.0	891571893
100	78	2.5	878910469
100	235	3.0	891472755
100	76	5.0	890025446
100	256	4.5	888618047
100	59	3.5	888495006
100	209	2.0	886526776
101	278	3.5	884240895
101	219	4.5	883704182
101	268	3.0	883599826
101	172	5.0	885039231
101	59	5.0	888640287
101	91	5.0	882829932
101	235	4.0	874864214
101	220	4.0	888634923
101	192	5.0	875821088
101	284	4.0	875245812
101	84	3.0	875605407
101	224	3.0	879871132
101	196	3.5	887287681
101	146	2.0	892138226
101	51	3.5	885377267
101	45	4.5	885968462
101	54	1.5	880442745
101	46	5.0	889153776
101	9	4.5	882839215
101	211	3.0	887856652
101	255	4.0	881189320
101	279	3.5	887922263
101	52	4.5	876455480
101	228	4.5	889122998
101	258	2.0	879048885
101	298	4.0	887824752
101	17	3.5	880553694
101	149	3.5	888251139
101	216	3.0	885399211
101	109	5.0	892081648
101	115	4.5	880041196
101	233	3.0	889401471
101	283	2.0	882474760
101	101	3.0	878065990
101	241	4.0	878963650
101	64	3.5	891644768
101	180	5.0	878696639
101	238	4.5	887878455
101	212	4.5	883456583
101	203	4.0	893277140
101	4	2.0	880061648
101	260	3.5	885542814
102	48	4.5	878317606
102	14	3.5	879483915
102	224	4.0	884202596
102	6	3.0	883515792
102	79	2.5	880785569
102	15	3.5	877837794
102	279	4.0	877321199
102	41	3.0	891308821
102	293	3.5	886851191
102	196	2.5	881703107
102	13	4.5	887837789
102	67	3.0	878102692
102	233	5.0	891201176
102	184	5.0	875461463
102	96	3.5	888607692
102	123	2.5	877193509
102	114	1.5	891049521
102	153	2.0	877285338
102	100	2.0	881781071
102	275	5.0	888814454
102	126	3.5	887316157
102	194	4.0	885246874
102	134	1.5	889853682
102	27	2.5	880130451
102	141	4.5	880758012
102	43	4.0	884749263
102	74	3.5	875064961
102	12	4.0	880720117
102	297	5.0	875780012
102	53	3.5	878657528
102	57	3.5	886227519
102	236	3.5	886360840
102	63	5.0	890962068
103	280	1.5	875857507
103	3	4.0	891882997
103	82	3.5	883216117
103	268	4.0	888475593
103	131	3.0	884572048
103	63	3.5	892525275
103	99	4.0	886544370
103	16	5.0	888089664
103	275	4.5	875729328
103	12	2.5	878571724
103	266	3.0	880761294
103	263	3.0	885552093
103	79	1.5	889132540
103	111	3.0	880962978
103	187	4.0	886728624
103	59	2.0	882956221
103	112	4.5	877162115
103	168	4.0	881945092
103	71	3.0	887195560
103	113	3.5	887205760
103	43	5.0	879591433
103	65	4.0	885275998
103	138	3.5	878828538
103	141	3.5	875047939
103	247	3.5	885414787
103	103	3.0	875090487
103	48	1.5	885759735
103	179	5.0	881897722
103	283	3.5	890340158
103	151	4.0	885514514
103	240	3.5	882531106
103	254	3.0	876947192
103	224	3.5	887662993
103	205	2.0	884241225
103	129	5.0	881844127
103	89	2.5	892416699
103	102	2.5	882021571
103	144	3.0	878178138
103	202	5.0	884054468
103	53	3.5	877235393
103	299	2.5	888876296
103	160	5.0	889327785
103	85	4.0	885387747
103	106	4.0	885466202
103	250	4.0	881373534
103	222	5.0	881339068
103	229	5.0	876391014
103	217	3.0	891298393
103	140	5.0	891456660
103	164	4.0	876294783
103	56	4.0	883932564
103	197	2.0	888859086
103	220	3.5	878726378
103	291	2.5	878888569
103	181	4.5	889917657
103	192	4.5	880467206
103	33	1.5	885692806
103	231	3.5	887571276
103	86	4.5	882657713
104	11	3.5	883781455
104	146	4.0	880440325
104	10	4.0	879347280
104	295	4.0	890183027
104	3	3.0	878747934
104	237	2.5	878962255
104	68	2.5	885439736
104	207	4.0	879690815
104	19	3.5	888592552
104	274	3.5	889716150
104	271	3.0	878830876
104	21	3.0	892232194
104	173	4.5	892427656
104	9	3.0	882795337
104	36	2.0	890761272
104	241	4.0	891169865
104	49	3.5	884138124
104	213	3.5	885526262
104	155	5.0	890921646
104	141	3.5	882302324
104	163	4.0	877804985
104	178	2.5	883576772
104	205	3.5	884664679
104	41	4.0	877502824
104	285	2.0	886569749
104	161	3.5	882857507
104	253	3.5	881633273
104	25	3.5	877342517
104	202	4.5	877246137
104	153	4.0	891320925
104	233	5.0	876746932
104	63	2.5	881854203
104	192	3.5	875165216
104	53	3.5	881977012
104	15	2.5	890433230
104	115	4.5	887645187
104	6	5.0	881030172
104	72	3.5	891087380
104	54	4.0	878232313
104	166	3.5	886148321
104	224	3.0	881726226
104	116	1.5	892429526
104	88	3.0	891969249
104	46	2.0	885239294
104	98	5.0	885187835
104	189	3.5	889959159
104	276	3.0	879892056
104	27	4.5	891653303
104	133	2.5	878270087
104	23	2.5	879088816
104	57	3.5	882065910
104	156	4.5	886926570
104	39	4.0	887662485
104	136	3.5	889905805
104	169	3.5	891953704
104	195	4.0	881536955
105	205	3.5	886389341
105	97	2.5	884388136
105	36	3.5	884387669
105	143	2.5	874828959
105	217	3.5	877886965
105	85	3.0	880934924
105	158	5.0	891610647
105	296	3.5	890722064
105	53	2.0	884969689
105	76	3.5	882731451
105	237	4.0	880436767
105	55	5.0	885298130
105	57	3.0	877055220
105	124	2.0	880316403
105	9	4.5	881010945
105	236	2.0	885869992
105	96	3.0	889999235
105	137	3.0	879483857
105	15	3.5	875152019
105	244	4.0	890649666
105	272	3.0	889083408
105	232	3.0	885933707
105	181	3.5	875423543
105	136	3.5	880681126
105	61	3.5	883577449
105	282	4.0	877307631
105	44	4.5	880453294
105	182	4.0	875051324
105	221	4.0	886540689
105	109	2.0	890623811
105	78	3.5	874758481
105	204	4.0	891109585
105	258	4.0	883029781
105	261	3.0	890581469
105	171	3.0	878395095
105	28	3.0	876240582
105	226	4.0	875308249
105	140	4.5	884477593
105	190	3.0	882384773
105	51	4.5	892349819
105	26	3.5	891607504
105	196	3.5	880338525
105	100	3.5	879643217
105	151	4.0	877875810
105	207	4.0	878079900
105	91	5.0	884945466
105	142	2.5	885988172
105	253	4.0	889911994
105	266	3.0	891188589
105	222	2.5	886494968
105	56	3.5	893035869
105	128	3.5	883359591
105	113	5.0	891048716
105	59	3.5	883231994
105	19	2.5	886948231
105	295	4.0	890117831
105	123	1.5	875179743
105	34	3.5	886556887
105	273	3.5	884829091
105	52	4.5	885923128
105	116	4.5	892100236
105	208	3.0	890976961
105	201	3.5	878508343
105	202	2.5	883782307
105	138	2.5	892149825
105	254	4.0	875420202
105	106	2.0	879687423
105	88	3.0	888492729
105	105	2.5	882115261
106	73	4.0	883161417
106	183	5.0	879345785
106	255	2.0	886476083
106	16	1.5	884229524
106	126	3.5	891568807
106	296	3.5	879926888
106	221	3.5	877610507
106	185	3.0	883806851
106	106	3.5	879511056
106	46	4.0	881325786
106	100	4.5	889221928
106	194	1.5	877433154
106	56	3.0	884482406
106	141	3.5	882068358
106	279	2.5	875803038
106	231	5.0	890601921
106	270	3.0	886624193
106	90	3.5	883070653
106	136	4.0	887684801
106	179	3.0	888903581
106	170	1.5	888116740
106	201	3.0	878017698
106	214	4.5	883491171
106	142	3.0	884858908
106	159	2.5	885151273
106	98	4.5	880539759
106	22	3.0	889348277
106	297	3.0	885545339
106	267	3.5	879394693
106	176	4.5	881419042
106	63	5.0	883114004
106	222	4.5	879277736
106	233	4.5	888693832
106	291	3.0	881419596
106	178	2.5	884826683
106	148	3.5	884958680
106	57	3.5	877596899
106	5	2.5	884701588
106	256	3.5	890198483
106	76	4.0	893039748
106	239	4.0	880877659
106	77	4.0	887340033
106	268	4.0	889384400
106	149	3.0	877947354
106	286	3.0	879375685
106	84	2.5	892393514
106	156	5.0	889552458
106	250	3.5	885235986
106	34	3.5	891629941
106	151	2.5	886722398
106	8	5.0	890440897
106	21	2.5	886609483
106	112	3.0	889074906
106	145	4.0	890379616
106	64	4.0	888834538
106	28	4.5	888490705
106	251	5.0	890202832
106	157	4.0	875653259
106	3	2.5	875611289
106	181	3.0	888848395
106	1	4.0	877691894
106	26	5.0	879441979
107	155	2.0	893069563
107	125	4.5	883457973
107	298	3.5	889459462
107	263	4.5	878858499
107	192	3.5	889232092
107	66	2.5	879631923
107	279	4.5	875451427
107	290	4.0	880925832
107	151	4.5	879478909
107	28	3.5	882800654
107	202	3.0	880454984
107	65	2.0	891888305
107	207	4.5	893068281
107	4	4.0	881447375
107	237	2.5	890701934
107	266	3.0	890846489
107	236	3.0	884456709
107	44	2.0	884437007
107	29	2.5	878080813
107	139	2.5	891265841
107	55	3.0	887050575
107	171	3.0	883958263
107	50	2.0	887850842
107	149	5.0	887670707
107	247	5.0	878326303
107	170	2.5	890292748
107	32	4.0	888713434
107	63	4.0	888979738
107	300	4.5	879696353
107	262	2.5	875663249
107	105	4.5	884234781
107	265	3.0	890061846
107	74	2.0	878755486
107	288	4.0	887791792
107	254	5.0	875094467
107	70	5.0	884883702
107	115	2.5	875868363
107	80	4.0	889638963
107	160	3.0	876155195
107	249	4.5	886627368
107	103	2.0	879398960
107	59	2.0	890425067
107	35	2.5	890104389
107	1	3.5	884016067
107	79	3.0	875030728
107	62	4.0	880036864
107	267	4.5	886728729
107	127	4.0	891523346
107	54	5.0	891609488
107	243	4.0	881797317
107	13	2.5	886429639
107	259	5.0	892342654
107	228	3.0	887831887
107	201	4.5	891939648
107	154	5.0	876830779
107	208	4.0	880579853
107	248	2.0	879804942
107	95	2.5	886531407
107	121	5.0	886109429
108	72	3.5	883197034
108	143	3.5	891203392
108	156	4.5	889405272
108	202	4.0	884324275
108	35	4.0	882291118
108	248	3.5	881475618
108	193	3.0	880163533
108	242	4.5	889289447
108	93	4.0	892459215
108	295	3.0	881177086
108	260	4.5	877611005
108	270	3.5	875538171
108	133	2.5	877952851
108	67	2.5	881554366
108	166	2.5	875840032
108	298	3.0	879441207
108	179	4.5	874900410
108	300	2.5	886789575
108	207	3.5	888415836
108	24	3.0	893064919
108	16	3.0	877139458
108	82	2.0	886157084
108	119	3.5	880942492
108	50	3.5	892446634
108	55	4.0	891373596
108	256	3.5	881104645
108	244	2.5	881686408
108	122	4.5	890620547
108	54	3.5	891530456
108	90	3.5	886539428
108	197	3.5	886686368
108	216	3.0	879350978
108	33	3.5	876978047
108	32	4.0	889451014
108	129	2.0	889069623
108	59	3.0	887345143
108	20	3.0	877102632
108	38	4.0	877346781
108	227	4.5	878992578
108	192	2.5	892080634
108	165	3.0	884731547
108	56	3.0	878110788
108	231	2.5	878681700
108	194	3.0	891458716
108	69	4.5	882461473
108	294	2.5	876452058
108	285	4.0	892862156
108	103	2.0	885828535
108	101	3.0	875481110
109	149	3.0	882630711
109	129	5.0	891285671
109	200	3.0	877171227
109	184	1.5	875911264
109	35	1.5	886329361
109	81	3.5	877099125
109	148	4.0	888691412
109	39	4.0	877428978
109	274	3.5	893227471
109	295	4.5	890789615
109	124	3.0	879068820
109	266	4.5	883801465
109	257	2.0	876125304
109	160	2.5	878216425
109	205	1.5	875919250
109	30	3.0	891387730
109	280	3.5	891757082
109	57	3.5	882282679
109	299	3.5	886477407
109	242	2.5	889203969
109	135	3.5	890750058
109	16	2.0	884905740
109	17	5.0	882366904
109	174	3.0	875444226
109	216	3.0	876582167
109	134	5.0	875608997
109	103	2.5	881307226
109	172	2.5	892649013
109	31	2.5	887454871
109	72	3.5	875331872
109	105	4.0	893263398
109	281	4.0	890903762
109	169	5.0	876474252
109	32	1.5	887714462
110	194	4.0	889497968
110	65	3.0	889950469
110	221	3.0	878557922
110	219	3.0	875439072
110	282	2.5	891465267
110	71	5.0	875857379
110	60	4.5	883794425
110	225	3.5	884051745
110	61	5.0	887615539
110	189	2.0	884804892
110	181	2.0	877559834
110	100	1.5	876728582
110	176	3.0	884089499
110	224	3.5	887607473
110	30	3.5	891346149
110	122	3.5	875357159
110	119	2.0	887562239
110	48	4.5	887631866
110	6	3.5	889623540
110	117	4.0	876215048
110	212	1.5	882255950
110	275	4.0	881627867
110	291	2.5	887452811
110	24	3.0	880913046
110	8	4.0	889189521
110	128	3.5	892592174
110	40	2.5	876478252
110	93	3.5	884963780
110	145	2.0	875775168
110	23	4.5	892896084
110	161	3.5	886395093
110	180	4.5	875596860
110	126	3.0	886006323
110	150	3.0	883533846
110	67	2.5	881990725
110	204	4.5	875642260
110	246	3.0	886164905
110	63	4.0	889289883
110	129	3.0	889070880
110	279	1.5	876641291
110	106	3.0	878389196
110	254	2.5	887747539
110	183	3.5	884368873
110	113	2.5	892668324
110	228	4.5	890277274
110	155	3.5	888946253
110	188	3.5	892136536
110	283	4.0	883452241
110	270	4.5	880178944
110	137	3.5	887518714
110	164	2.5	890405785
110	278	1.5	882718278
110	258	3.0	879149623
110	54	3.0	875234180
110	28	3.5	884143443
110	178	3.0	883931805
110	211	4.0	877594850
110	249	3.0	883111056
110	144	3.5	892938208
110	41	4.5	884650947
110	105	4.0	886050416
110	267	3.5	887965329
110	157	3.0	876020119
110	284	3.0	883927680
110	108	2.5	886861175
110	191	3.0	883742374
110	73	4.5	883130540
110	19	3.5	875138742
110	121	2.0	878895741
111	292	5.0	882373524
111	165	4.0	876765251
111	136	2.0	883417144
111	92	3.0	883363133
111	228	3.5	875265546
111	237	5.0	886580666
111	9	2.5	892858912
111	226	4.5	876225702
111	5	5.0	882599829
111	239	3.0	886459689
111	19	3.0	878387628
111	184	2.5	877324478
111	246	3.5	891734724
111	285	3.5	889616592
111	112	4.0	878522486
111	210	4.5	891872216
111	30	3.0	877323508
111	297	1.5	882676396
111	41	3.5	881571220
111	142	4.0	885656376
111	283	3.5	887185462
111	161	3.0	888682336
111	33	3.5	877120267
111	93	5.0	889034847
111	133	4.0	884223446
111	254	3.0	879525660
111	66	3.0	875553323
111	117	3.5	885681592
111	90	5.0	886813933
111	76	3.5	885964967
111	26	3.5	888419533
111	120	3.0	887298079
111	59	4.5	890518278
111	20	5.0	884591828
111	95	4.0	875770179
111	260	3.5	880103915
111	163	3.5	887082871
111	22	1.0	876221592
111	284	4.0	884484775
112	77	3.5	892001789
112	14	4.0	892485395
112	55	3.0	887747659
112	109	3.0	888896715
112	161	3.0	886615319
112	262	4.5	879001322
112	261	3.0	888224245
112	298	5.0	882825921
112	177	4.0	884569308
112	111	2.0	878718682
112	194	3.5	886026120
112	299	3.0	886020490
112	17	1.5	878340931
112	196	5.0	876242635
112	41	4.0	877199434
112	40	4.0	886635111
112	115	3.5	889787138
112	290	2.0	888444269
112	258	3.0	889815940
112	295	4.5	889344045
112	281	2.5	884431709
112	215	1.0	890733732
112	276	3.5	879241322
112	63	3.5	880880296
112	271	3.5	891816464
112	27	4.0	877536218
112	242	4.0	879833586
112	269	4.0	874985889
112	267	4.5	887135618
112	226	2.0	889942556
112	163	4.0	887454408
112	138	4.0	885476787
112	100	2.5	889441249
112	151	2.0	880654525
112	125	3.0	891792748
112	169	3.0	884096448
112	186	4.5	877976087
112	119	3.0	882518181
112	234	2.5	884702071
112	162	3.0	891276892
112	60	4.5	886170704
112	124	3.5	876344984
112	228	3.5	892095089
112	210	3.5	892347284
112	181	5.0	891778008
112	287	3.0	889042034
112	259	5.0	884296353
112	248	3.5	885556083
112	118	3.5	887611885
112	230	5.0	885414423
112	292	2.5	880711351
112	65	3.0	879529589
112	126	2.5	876131795
112	209	4.5	881793980
112	300	5.0	889171156
112	71	5.0	892143989
112	134	4.5	884061439
112	147	3.5	885273129
112	175	3.0	878062253
112	61	2.0	886379694
112	42	5.0	884280708
112	216	4.0	880281073
112	76	3.0	878702624
112	254	5.0	884383123
112	102	2.5	883913540
112	93	4.0	891053495
112	233	3.5	889452312
112	8	4.0	882228600
112	86	3.5	880406172
112	62	2.0	884404452
112	135	3.5	883429703
112	284	4.5	878285487
112	241	3.5	882498419
112	52	4.5	884073938
112	18	2.5	879455989
112	221	3.5	877945130
112	13	3.0	881665213
112	38	4.0	893252240
112	68	3.5	891793788
113	87	4.0	876027049
113	15	4.5	888755809
113	21	4.0	883552002
113	277	4.0	887485132
113	276	2.5	882600464
113	100	3.5	886425267
113	4	3.0	890972875
113	251	3.0	892524032
113	14	3.0	880766666
113	190	2.5	884794414
113	105	1.5	882505759
113	145	3.0	884526493
113	293	3.5	891000621
113	219	2.0	891173829
113	228	3.5	887885095
113	267	5.0	886707932
113	65	4.5	892958635
113	233	5.0	890863017
113	152	4.0	884637267
113	57	4.5	877963827
113	62	3.0	882070799
113	222	3.0	878495134
113	253	1.0	884363937
113	135	4.5	888803949
113	45	5.0	889729343
113	71	3.0	885643223
113	143	3.0	883025950
113	60	2.5	888980823
113	182	4.0	878610956
113	41	4.5	880636814
113	114	2.0	890318660
113	39	4.0	885425418
113	168	3.0	878534355
113	81	3.5	886387511
113	260	4.0	888082370
113	172	3.5	879021618
113	142	3.5	890956288
113	263	3.5	891138678
113	38	4.5	888549233
113	162	4.0	882605305
113	20	3.5	875696531
113	52	2.0	884486708
113	163	3.0	883714743
113	98	4.5	891753161
113	286	3.5	881942475
113	19	4.0	888448668
113	5	5.0	876764928
113	126	4.5	885569234
113	193	3.5	883502725
113	113	3.0	885382213
113	101	1.0	888523268
113	136	3.5	887857189
113	241	3.0	889554143
113	78	4.0	888992030
113	249	3.5	888102174
113	96	3.0	883472329
113	255	1.5	876557901
113	68	2.5	883727942
113	102	4.0	891015567
113	46	5.0	882071392
113	265	3.5	886127900
113	110	4.0	876255749
113	2	4.5	885076609
113	223	2.5	889744893
113	35	4.0	888475703
113	252	3.0	882150642
113	107	4.5	880312702
113	92	3.5	892710325
114	57	4.0	890995252
114	169	2.5	876143564
114	67	4.0	879990927
114	277	5.0	884223624
114	11	2.5	884840245
114	195	3.0	875538215
114	47	3.5	882442405
114	171	4.5	883023014
114	181	3.0	875858112
114	284	1.0	883866891
114	33	5.0	878873474
114	26	4.5	887403478
114	266	2.0	888171680
114	108	3.0	879126822
114	186	5.0	883784361
114	275	5.0	877574039
114	102	4.5	877292532
114	81	3.5	877204055
114	203	3.5	891653245
114	118	3.5	888662550
114	149	4.5	875400972
114	83	2.5	875219362
114	192	2.5	892901077
114	170	4.5	879819868
114	212	3.5	877931059
114	111	5.0	887848650
114	128	3.0	881243801
114	7	3.5	885200058
114	19	2.5	885587176
114	270	3.5	888990467
114	53	2.0	891916512
114	257	3.0	875510955
114	204	2.0	884863315
115	235	4.0	879548872
115	104	4.0	877531019
115	52	2.0	877925434
115	136	5.0	880403989
115	296	5.0	881693355
115	242	3.5	891160055
115	193	3.0	883112279
115	150	5.0	877539550
115	220	2.0	879466976
115	48	3.5	888253691
115	114	3.5	890613225
115	209	5.0	892287289
115	288	4.0	882523758
115	143	3.0	876702171
115	248	2.5	891281062
115	146	3.0	883181227
115	274	2.5	888544390
115	260	3.5	885175404
115	126	3.0	886061694
115	196	2.0	879778409
115	9	5.0	875949772
115	255	3.0	885510546
115	202	2.0	888365736
115	191	3.5	874911667
115	280	3.5	883722159
115	56	2.0	881745108
115	232	4.0	891123663
115	115	2.5	893031630
115	13	5.0	891495734
115	204	4.0	885227789
115	119	3.0	882634809
115	229	3.0	885523799
115	190	3.5	890205786
115	245	4.0	890931377
115	289	3.5	891986153
115	160	3.5	877457191
115	171	3.5	878249397
116	40	3.0	879769587
116	193	3.0	890511850
116	66	1.5	876974467
116	7	4.5	874912696
116	83	4.0	885188341
116	267	2.5	881022018
116	63	5.0	881411022
116	86	3.5	877873721
116	102	2.5	892767984
116	225	4.5	890112557
116	59	4.0	885832405
116	20	4.0	877902803
116	218	3.0	876775147
116	254	4.0	890451474
116	88	3.0	879974402
116	269	4.0	876965206
116	250	1.5	886483954
116	72	3.0	882309001
116	281	5.0	886299561
116	215	2.5	875198816
116	205	3.0	881188658
116	5	3.0	883938106
116	152	2.5	884260462
116	61	1.5	889024456
116	223	3.5	884983988
116	151	3.5	887048407
116	139	3.5	888256150
116	268	3.5	883272680
116	166	3.5	892878227
116	191	4.5	881522439
116	289	3.5	877324377
116	85	3.0	879839137
116	73	3.0	878180020
116	149	4.0	881987280
116	105	5.0	884119465
116	266	3.0	880708312
116	129	3.5	883547432
116	242	4.0	878158070
116	237	2.5	878976193
116	108	3.5	892250787
116	170	2.0	887574262
116	70	1.5	885803047
116	243	4.0	884027256
116	6	3.0	890609607
116	163	3.5	881747877
116	214	3.5	880365189
116	92	2.5	874814326
117	119	3.5	883215254
117	111	2.5	883924457
117	47	5.0	876644929
117	76	2.0	875745653
117	74	3.5	890522448
117	85	2.5	889974552
117	244	4.0	891176464
117	1	3.0	880555496
117	166	3.0	890611002
117	40	4.5	893031583
117	27	3.5	878210588
117	71	4.0	876006274
117	262	2.5	887124208
117	226	2.0	875692318
117	218	3.5	879864972
117	242	3.0	880660746
117	168	4.0	879142090
117	155	3.5	877503843
117	257	3.5	888803229
117	61	2.0	878732007
117	124	5.0	876605368
117	287	3.5	889602007
117	202	4.0	876816005
117	194	2.5	885268739
117	198	4.0	877995443
117	243	2.0	892981122
117	182	4.0	884035332
117	160	3.0	881240389
117	268	3.5	875284211
117	163	4.0	885887094
117	272	2.5	885344026
117	41	3.0	880402574
117	110	4.0	887014241
117	86	5.0	892050220
117	143	3.5	875200216
117	224	4.0	888252953
117	227	3.5	888696061
117	251	5.0	876787750
117	129	2.0	876904234
117	62	3.5	881198699
117	286	2.0	891553119
117	223	1.0	879674456
117	179	4.0	883671527
117	92	3.5	877542232
117	13	3.0	880515709
117	188	3.5	889602707
117	239	5.0	876218165
117	178	3.0	883969810
117	98	4.0	881391418
117	196	3.0	891685328
117	192	4.0	888456912
117	6	3.5	880528560
117	101	3.0	874832902
117	185	5.0	885165658
117	270	4.5	883910676
117	100	3.5	886491738
117	3	1.0	878674555
117	159	3.0	886181954
117	169	5.0	890369540
117	49	3.5	877613586
117	189	4.5	890260592
117	130	5.0	877682934
117	258	3.5	878625804
117	7	2.5	877763457
117	140	1.0	880848426
117	18	4.0	877624405
117	141	2.5	880954388
117	246	3.5	885378285
117	204	2.5	875399401
117	23	3.0	880406677
118	6	3.5	888864808
118	112	4.0	890679705
118	192	2.5	885955797
118	236	4.5	886021542
118	42	3.0	878087122
118	127	2.0	881003130
118	158	3.5	886737348
118	98	3.5	885001614
118	68	3.5	880185547
118	159	5.0	890389302
118	28	3.5	893071538
118	195	3.5	880971227
118	147	2.5	875454517
118	92	4.5	889455397
118	143	3.5	890040485
118	72	3.0	889319830
118	290	1.5	888124118
118	162	5.0	890615151
118	212	2.5	882898191
118	116	3.0	883199712
118	97	4.0	887247719
118	140	2.5	886062023
118	103	2.0	890916655
118	91	1.5	888185174
118	152	4.0	884796854
118	133	3.0	876071214
118	226	5.0	882586615
118	136	2.5	891735490
118	48	2.5	878343733
118	251	3.0	888850655
118	182	3.5	889015348
118	297	3.0	883762964
118	187	4.0	888171652
118	179	2.5	875682862
118	268	2.0	880228508
118	231	1.5	891911436
118	88	1.5	880307655
118	19	3.0	884810593
118	300	3.0	892310099
118	198	3.0	881383994
118	80	4.5	879407204
118	276	4.5	879083122
118	292	3.0	885903272
118	108	1.5	876529941
118	223	3.0	877757985
118	178	3.0	885102207
118	148	3.0	879471351
118	107	3.0	886337981
118	176	3.0	890116581
118	258	3.0	888012059
118	283	3.0	880272669
118	138	3.5	890179469
118	47	4.0	874753003
118	263	2.5	879673687
118	240	5.0	881449237
118	134	2.5	880498368
118	17	2.0	884834067
118	60	4.0	885043595
118	265	2.5	877421656
118	96	4.0	880918645
118	244	1.0	882649715
118	166	5.0	881547063
118	191	4.0	889372859
118	289	2.0	877750208
118	194	2.0	882936570
118	18	5.0	879896720
118	54	3.0	887282718
118	184	2.5	874890629
118	5	1.0	890741719
118	82	3.0	880070931
119	52	3.5	880760335
119	242	4.0	889009211
119	282	2.0	879782959
119	202	2.0	884286519
119	109	4.0	885163227
119	193	4.5	887704084
119	238	2.0	890852716
119	125	4.5	875893298
119	50	3.5	883483070
119	199	4.5	888875851
119	66	3.5	880748333
119	163	1.0	880212298
119	69	3.5	888086626
119	205	4.5	892084047
119	168	2.5	878295926
119	145	3.0	890324927
119	218	3.5	877497664
119	274	1.0	886344169
119	37	5.0	878127300
119	178	2.5	888296590
119	251	4.0	875134895
119	14	3.5	880123073
119	114	5.0	885429438
119	92	4.0	879044491
119	121	3.5	891735814
119	189	2.5	887609285
119	186	4.5	889981644
119	175	1.5	875113560
119	257	4.0	891036840
119	1	2.5	888203639
119	204	5.0	888900016
119	40	3.5	876553805
119	118	4.0	884890176
119	71	3.5	888984712
119	256	1.5	883403531
119	97	2.5	878615628
119	23	4.0	889833262
119	155	3.5	891571101
119	223	4.5	887234651
119	48	4.0	890614320
119	174	2.5	885967575
119	197	2.5	892677141
120	58	3.5	878954401
120	92	1.0	879578167
120	218	5.0	891282154
120	273	4.0	889190043
120	197	4.5	883941986
120	41	2.0	886313950
120	77	4.5	890093675
120	4	5.0	882915370
120	173	2.0	892292426
120	133	4.5	890106718
120	102	3.5	876088395
120	264	2.0	877292836
120	233	4.0	885683200
120	223	4.5	887233645
120	25	3.0	876009421
120	238	4.5	879648837
120	145	2.0	878117825
120	21	2.0	887539583
120	63	3.5	891925794
120	251	3.5	877367620
120	236	3.0	886058482
120	188	4.5	884857677
120	26	4.0	888902461
120	190	4.5	888171299
120	130	3.5	875475774
120	152	4.0	880896388
120	13	3.0	883343434
120	278	5.0	877385015
120	137	2.5	889268384
120	151	5.0	878631299
120	183	3.5	881155203
120	214	2.0	883481602
120	9	5.0	884898461
120	229	3.5	891973015
120	167	4.5	892815837
120	153	4.5	882903683
120	19	4.0	876363213
120	203	3.0	887281999
120	128	4.5	890593218
120	90	3.5	881945934
120	44	4.0	889386172
120	274	1.5	883945023
120	49	4.0	880956220
121	257	3.0	881792528
121	24	5.0	892583733
121	205	4.0	880429413
121	93	3.5	887812993
121	146	4.0	883304329
121	140	2.5	888245073
121	3	5.0	875807394
121	209	5.0	877362374
121	107	4.0	891050233
121	10	5.0	886311028
121	213	3.0	877512814
121	67	2.5	881688972
121	141	3.5	892494860
121	137	4.0	887112719
121	237	3.0	884926355
121	163	4.0	884516666
121	50	4.0	885305700
121	114	2.5	889874508
121	116	4.0	890407384
121	167	4.5	875716732
121	33	3.5	879955862
121	148	4.5	880319384
121	236	2.5	886523333
121	216	4.0	889204480
121	169	2.5	888662985
121	278	2.5	875510163
121	200	3.0	884250399
121	244	2.5	891191778
121	286	3.0	882600558
121	7	3.5	887317162
121	176	4.5	892763328
121	175	3.0	879143741
121	164	2.0	887422674
121	178	4.5	878868481
121	228	2.5	877978812
121	78	3.5	888003866
121	256	4.0	882049823
122	57	3.5	878023885
122	293	4.5	887587916
122	149	4.0	888753814
122	92	2.5	888759508
122	82	5.0	888491885
122	206	3.5	881062301
122	282	3.5	875699164
122	210	4.5	882247365
122	181	3.5	879374416
122	112	4.0	891614710
122	215	5.0	877426036
122	143	3.0	888440931
122	164	3.0	875490879
122	186	3.5	885630581
122	55	4.5	883111330
122	163	2.0	880310142
122	258	1.5	890559500
122	275	3.0	877777037
122	273	2.0	887149779
122	201	3.0	875487050
122	116	4.0	887788771
122	207	2.5	893248681
122	254	2.0	891882280
122	238	3.5	881201774
122	147	4.5	880139699
122	231	2.0	890084885
122	81	4.5	887108453
122	91	4.5	882754799
122	205	4.5	880603815
122	148	4.5	890568068
122	2	5.0	881428392
122	172	3.0	885553537
122	89	3.5	879175707
123	34	3.0	889105754
123	16	3.5	878887367
123	106	5.0	878201721
123	296	2.0	879623111
123	237	2.5	883532718
123	236	5.0	878475549
123	126	4.5	880393847
123	228	3.0	887021218
123	124	4.5	888579101
123	91	4.0	886127667
123	257	5.0	879487764
123	57	3.5	882880741
123	170	4.5	890917777
123	82	5.0	881773992
123	36	4.0	883600115
123	4	3.5	877983707
123	17	4.0	885798534
123	209	3.0	877210071
123	267	5.0	890100760
123	241	3.5	891219294
123	198	3.0	882936433
123	37	2.5	883448847
123	214	4.5	886215187
123	134	4.5	884633067
123	276	3.0	889645428
123	62	4.0	885819859
123	274	2.0	889836826
123	13	3.5	883379128
123	225	4.0	883962210
123	247	5.0	875924101
123	31	2.5	879423034
123	150	2.0	879691570
123	204	2.5	892232717
123	21	2.0	884402829
123	187	5.0	875595128
123	205	5.0	882140962
123	262	4.0	887168408
123	226	4.5	886895715
124	150	3.5	892767904
124	158	3.5	877390518
124	82	3.0	876602912
124	291	3.0	889711221
124	157	2.0	892271959
124	244	4.0	883045267
124	226	3.5	882935219
124	151	4.0	883317062
124	80	3.5	880854589
124	66	3.5	882948466
124	76	2.5	882386526
124	197	3.5	890027747
124	132	4.0	880678295
124	117	2.5	876074698
124	15	3.5	883642247
124	109	3.5	893245939
124	299	3.0	884035278
124	156	3.0	877790215
124	300	3.5	881100527
124	7	2.5	876861084
124	133	4.0	879172314
124	187	2.5	892258836
124	261	4.5	884883678
124	265	5.0	876767004
124	208	2.5	881695040
124	245	4.0	882361237
124	88	3.0	882909998
124	177	4.5	890739646
124	257	2.0	890303069
124	161	4.0	878022111
124	268	2.5	892741213
124	192	3.5	876438764
124	194	2.5	885423820
124	249	4.5	877176013
124	87	2.5	881315667
124	269	4.0	890773762
124	247	3.0	878630660
124	90	3.5	889552348
124	248	3.5	877522686
124	195	2.5	890697821
124	8	3.5	881348228
124	34	5.0	878075989
124	176	2.5	892923588
124	116	4.5	881938709
124	159	5.0	891073458
124	106	2.5	884789729
124	115	2.0	875046915
124	77	4.0	889144916
124	143	3.0	878466831
124	62	5.0	889577304
124	101	3.5	881261071
124	183	2.5	890034068
124	256	2.5	874741323
124	236	4.5	883171963
124	292	3.0	888387030
124	104	3.5	883809344
124	17	4.5	891253795
124	205	3.0	880648136
124	51	3.5	885752018
124	169	3.5	891746637
124	260	4.0	890940884
124	35	4.0	891978406
124	139	3.5	884245971
124	284	3.5	884778868
124	274	3.0	883589787
125	273	2.0	887556137
125	128	4.0	885652889
125	175	5.0	881417213
125	141	2.5	881938236
125	288	2.5	891600690
125	258	2.5	889492121
125	159	4.0	883917383
125	226	4.0	878309483
125	58	3.5	877222062
125	94	2.5	882883061
125	250	3.5	880107443
125	4	2.0	885646108
125	164	3.5	890820190
125	261	4.5	890490989
125	241	2.0	876268212
125	254	2.0	887813052
125	84	5.0	891067105
125	92	3.0	883108154
125	34	4.5	884124736
125	222	3.5	887308258
125	156	3.5	876715052
125	49	4.0	878128468
125	227	2.5	876607602
125	176	3.5	886223543
125	276	3.0	883987284
125	100	2.0	892773495
125	56	4.0	887121355
125	119	3.0	889425724
125	110	3.5	884262065
125	158	2.5	878450285
125	257	5.0	890557062
125	157	4.5	879230557
125	272	4.5	877207360
125	242	3.0	885614650
125	53	2.0	888608774
125	154	5.0	879817352
125	108	3.5	879771953
125	293	3.0	884752640
125	80	4.0	881435405
125	166	4.5	877677673
125	81	3.5	889430315
125	99	5.0	882953151
125	203	4.5	885725265
125	88	2.5	893065064
125	167	3.0	883472992
125	265	4.5	892543035
125	243	1.0	884503121
125	214	3.5	875457935
125	138	2.0	879438019
125	118	3.0	877006542
125	135	3.0	885259500
125	190	3.0	886845564
125	75	3.0	889684630
125	171	2.5	881932632
125	182	5.0	880903424
125	162	5.0	885504646
125	231	2.5	890439136
125	218	5.0	882364459
125	289	3.0	890186716
125	202	3.5	886878252
125	3	3.5	885898741
125	207	3.0	881401544
125	29	4.5	883416174
125	210	3.5	883293095
125	72	3.0	875501102
125	234	2.0	879431388
125	10	2.5	878724077
125	104	2.0	888508164
125	107	3.5	889063556
125	132	2.5	888022599
125	151	3.0	891044160
125	192	5.0	876336365
125	13	4.5	892454784
125	165	3.5	876747584
125	219	3.5	891913359
126	9	5.0	885542132
126	290	4.0	889057473
126	224	3.0	879774481
126	17	2.0	883410373
126	259	4.0	882203656
126	168	4.5	885684234
126	276	3.0	892587890
126	252	4.0	890084362
126	145	3.0	881446721
126	295	3.5	886624631
126	171	1.0	879845276
126	35	3.5	881061376
126	39	4.5	879700288
126	48	3.0	881641760
126	286	3.5	885075637
126	58	2.5	880817749
126	273	4.0	878110234
126	82	3.5	875604657
126	263	2.5	892623383
126	45	5.0	876048519
126	294	4.5	878996979
126	240	3.0	892846661
126	98	4.0	886419087
126	38	4.0	877048920
126	221	4.0	885712479
126	142	2.0	885305638
126	239	4.5	882445714
126	232	3.0	881731118
126	78	3.0	881492686
126	170	5.0	884889337
126	94	4.0	880203776
126	174	3.0	888961306
126	233	1.5	883820576
126	271	5.0	882542182
126	222	2.0	882013934
126	11	2.5	886648101
126	206	3.0	875640626
126	151	5.0	879332141
126	4	4.5	889476612
126	200	3.5	878855599
126	10	4.0	887311445
126	5	3.0	875577794
126	116	3.5	889621282
127	107	3.5	875680279
127	195	4.5	875591422
127	26	4.5	885850757
127	229	4.0	875680906
127	225	3.0	890512148
127	205	4.0	875873035
127	102	3.5	879567983
127	106	2.5	888403318
127	64	3.0	876284972
127	48	3.5	892826484
127	90	4.5	887375964
127	260	3.5	892347652
127	297	2.5	880420247
127	265	3.5	880032101
127	63	3.5	878084020
127	84	3.5	875225961
127	108	4.5	886424013
127	62	4.5	882197271
127	251	3.0	877815875
127	184	3.0	888813641
127	163	2.5	876950232
127	213	4.0	878496583
127	98	5.0	890686196
127	47	3.0	890308506
127	185	3.5	888652377
127	245	5.0	892734286
127	131	4.0	889502613
127	261	4.0	879234606
127	58	2.5	874748923
127	234	4.0	885174596
127	9	2.5	890704789
127	4	2.5	890478078
127	216	3.0	883343555
127	52	3.0	879026341
127	182	3.5	885558646
127	159	2.0	892843636
127	34	4.5	886991630
127	223	4.5	877959299
127	154	1.5	890756676
127	118	4.5	891260391
127	44	2.5	881311012
127	200	4.5	878946964
127	242	3.5	882083570
127	141	3.5	891996318
127	166	3.5	879080330
127	24	4.5	879509422
127	73	2.5	882292973
127	128	4.0	877482514
127	91	4.5	877905307
127	290	4.0	888275282
127	5	5.0	884197118
127	66	3.0	878255582
127	266	4.5	883105895
127	80	3.5	882315507
127	72	4.5	883135823
127	241	3.5	880919755
127	20	3.0	884828222
127	32	5.0	885751560
127	151	3.0	890231862
127	191	2.0	892170227
127	81	3.0	892069142
127	215	4.0	883674545
127	89	5.0	879144066
127	78	3.5	885728685
127	93	5.0	888885383
127	187	2.0	887299927
127	57	3.0	879597518
127	16	3.0	875873120
127	255	3.5	887644173
127	105	3.5	876335941
127	157	4.0	881365002
127	207	3.0	880837403
127	192	3.5	875205267
127	136	3.5	879521465
127	165	2.5	875869387
128	122	3.5	879826697
128	83	3.5	892871670
128	204	3.5	888952317
128	166	3.5	881509286
128	6	3.5	884066981
128	293	3.0	876365930
128	247	5.0	888175770
128	248	2.5	884673479
128	177	3.0	887803301
128	97	5.0	892231686
128	296	2.5	888859988
128	208	2.0	890714934
128	232	4.0	890428323
128	110	1.5	885526595
128	233	3.5	879292135
128	135	5.0	884790811
128	280	2.0	874736575
128	226	1.5	877236946
128	61	2.0	883157919
128	144	4.5	885180450
128	264	4.5	881729358
128	173	3.0	876966642
128	96	4.0	876711878
128	131	5.0	888494627
128	175	5.0	879432506
128	250	3.5	879549554
128	282	1.0	890862114
128	234	2.5	880101906
128	50	3.0	882860420
128	176	3.0	887852487
128	266	3.5	880074729
128	33	4.5	888784328
128	188	5.0	887844481
128	219	3.5	881213174
128	14	4.5	883065445
128	279	4.0	886482429
128	65	3.5	877091359
128	49	4.5	882318247
128	117	3.5	883993043
128	235	5.0	879437105
128	57	2.0	888194819
128	62	3.0	878867723
128	152	3.5	879819823
128	178	4.0	881631255
128	158	5.0	889602119
128	224	3.5	879503144
128	284	2.0	883967959
128	43	4.5	885712761
128	259	4.5	875086058
128	94	1.5	878660376
128	262	3.5	892193827
128	100	2.0	885165526
128	73	3.0	892315317
128	114	2.5	878167804
128	9	4.5	890532516
128	102	3.5	882515417
128	182	2.0	889430677
128	270	4.5	884751519
128	78	2.0	878914467
128	289	4.0	892886364
128	272	2.5	889970751
128	269	3.0	879881241
128	25	4.0	877087033
128	273	4.0	886179427
128	186	5.0	883854964
128	277	3.5	876099489
128	118	4.0	887525783
128	86	3.0	883296269
128	192	3.5	878510910
128	82	4.0	890378714
128	52	3.5	889015897
128	85	1.5	880377155
128	116	4.0	891075922
129	150	4.0	883555353
129	116	3.0	880113287
129	268	2.0	881750371
129	53	5.0	893088302
129	46	4.0	885525249
129	186	3.5	888190803
129	124	2.5	886419742
129	254	2.5	880498018
129	222	5.0	891496436
129	216	3.5	877706674
129	30	3.0	885923946
129	54	4.0	886529316
129	144	2.5	892784871
129	142	5.0	882360723
129	129	5.0	885345833
129	261	3.0	884986835
129	169	3.0	878123712
129	215	1.0	877759120
129	183	2.0	888349999
129	43	2.0	885224708
129	7	3.5	891407728
129	52	3.0	880972281
129	249	2.0	887565869
129	125	3.0	881507708
129	300	4.0	883605910
129	114	4.0	891013394
129	223	1.5	886488689
129	137	3.5	886032595
129	250	2.0	889413803
129	288	4.5	886853402
129	290	4.5	880067158
129	193	2.5	880380081
129	266	2.5	885554731
129	196	3.0	875259142
129	22	1.0	878465378
129	56	4.0	881092997
129	51	3.0	885144286
129	295	4.5	891707254
129	49	2.5	884663656
129	61	3.0	892785529
129	123	2.0	880694315
129	185	2.5	888078408
129	298	2.5	877272677
129	202	4.5	881389278
129	21	3.0	877857475
129	178	3.5	877762802
129	226	3.0	888302077
129	236	2.0	883561942
129	294	3.5	879615786
129	20	4.0	886138718
129	205	2.5	892603442
129	14	4.5	886596256
129	111	2.5	888037657
129	291	3.0	879188532
129	93	4.0	887651224
129	13	3.0	878201822
129	212	3.5	884586768
129	15	3.0	877483273
129	234	3.5	885590852
129	130	1.0	882268580
129	184	1.5	889573755
129	177	4.0	876092819
129	181	4.5	882975865
129	128	2.5	893112109
129	229	3.5	879926043
129	25	4.0	883911520
129	167	4.0	875609177
129	235	1.5	891317139
130	113	2.5	879237539
130	126	3.0	885517914
130	116	4.0	883009143
130	226	5.0	892786236
130	111	3.5	879045335
130	75	2.0	877966786
130	7	4.0	891752035
130	152	5.0	890687818
130	125	3.5	892688407
130	11	2.5	885243513
130	248	4.5	878241470
130	225	4.0	882369229
130	213	2.5	886413154
130	285	4.0	882239688
130	283	4.5	890337132
130	291	4.5	883755329
130	99	3.5	876509854
130	212	3.0	890167763
130	96	4.5	889417221
130	266	2.5	891405723
130	298	4.0	889360624
130	205	2.0	876894264
130	295	4.5	880473966
130	199	3.0	875466772
130	134	5.0	889772808
130	187	4.0	876655625
130	135	2.5	886388334
130	221	5.0	890717639
130	190	5.0	879686743
130	121	4.5	876864705
130	164	2.5	886616812
130	277	3.0	876919597
130	183	3.5	883988765
130	40	3.0	883180831
131	15	5.0	886309309
131	252	3.5	877978341
131	221	1.0	879914613
131	69	4.0	887279714
131	203	3.0	880661438
131	111	3.5	889512067
131	232	3.0	880680353
131	159	4.5	891747837
131	276	4.5	879719278
131	156	4.0	889660004
131	170	3.0	875742807
131	120	3.5	876025758
131	292	3.5	892763231
131	261	2.5	878760740
131	209	4.0	885182463
131	74	4.0	884503509
131	277	5.0	878341036
131	162	5.0	886437019
131	4	3.0	880778491
131	28	4.5	892122308
131	184	2.5	880341228
131	62	4.0	878070810
131	37	3.0	891423108
131	33	2.5	881206073
131	272	4.0	879934123
131	212	1.0	886045864
131	83	1.5	889980805
131	100	3.5	893111882
131	128	3.5	887772211
131	92	3.0	889754933
131	93	2.0	878629829
131	16	2.5	876921303
131	254	4.0	886077648
131	46	4.0	882986555
131	49	3.5	886995348
131	207	4.5	879468681
131	294	4.0	882759364
131	199	3.0	891192156
131	196	3.0	881044357
131	243	2.0	888290253
131	71	3.5	876120251
131	176	4.5	886747981
131	94	4.0	876691811
131	50	5.0	890845044
131	160	3.0	878039229
131	182	5.0	892167773
131	91	3.5	877776602
131	130	5.0	885480685
131	256	3.5	892419219
131	47	4.0	892573174
131	95	5.0	892229145
131	134	3.5	887951360
131	206	3.5	893058218
131	103	5.0	881466872
131	117	3.5	884205902
131	180	2.0	885472745
131	42	5.0	879270519
131	174	3.0	889753893
131	269	3.5	881369880
131	132	4.5	884554787
131	11	3.0	889029608
131	32	2.5	888288689
131	286	4.0	889325546
131	31	1.5	887376977
131	192	3.0	877489222
131	87	3.5	891181996
131	1	3.0	875524451
131	271	2.0	891207969
131	7	5.0	878225058
131	3	3.5	885512946
131	168	5.0	890968561
131	197	3.0	887770963
131	157	2.5	884988929
131	291	4.0	891421885
131	289	3.5	884361339
131	36	2.5	876574080
131	89	5.0	892426354
131	97	3.0	876121666
131	275	1.5	881035590
131	112	5.0	877717345
132	293	3.0	882387596
132	278	3.0	887199703
132	89	1.5	888212207
132	161	5.0	876226498
132	25	2.0	879956818
132	274	3.5	879478346
132	15	4.5	882984910
132	156	4.0	883387970
132	198	3.5	888912886
132	97	2.0	885117834
132	181	2.5	881599217
132	276	3.5	883872149
132	27	2.5	888455297
132	223	3.5	875067884
132	261	4.0	888679574
132	269	4.5	888604160
132	92	2.5	887379152
132	190	5.0	884055750
132	23	4.5	881083157
132	110	3.5	891106537
132	51	4.5	883228258
132	235	5.0	875074672
132	96	2.0	887994430
132	114	3.5	876127263
132	164	1.0	889794951
132	38	3.5	879049481
132	105	4.0	882206495
132	254	3.5	877091114
132	106	3.0	878562678
132	8	1.5	878592811
132	24	4.0	880057308
132	196	5.0	891117285
132	60	3.0	876956090
132	149	4.0	880877202
132	3	2.0	892741416
132	124	4.0	885709711
132	170	3.0	880340605
132	91	2.5	883331393
132	200	2.5	888086237
133	275	3.0	879848825
133	147	4.0	886178431
133	146	2.0	883140234
133	292	3.0	880614486
133	134	3.5	886472694
133	56	2.5	890228046
133	62	5.0	881457383
133	203	2.5	876618124
133	104	3.0	887854957
133	45	2.5	887476546
133	285	5.0	879861810
133	255	4.0	884516081
133	103	2.5	891689649
133	66	4.5	876860428
133	266	3.5	882282362
133	19	4.0	880897489
133	241	3.0	881245647
133	246	3.0	885995262
133	58	4.0	889450797
133	118	3.0	875573961
133	20	5.0	889506460
133	199	2.0	877052813
133	95	5.0	882971588
133	43	3.5	892460126
133	35	4.0	884381894
133	124	4.5	880130261
133	224	3.0	879535189
133	190	4.5	893083123
133	225	1.0	885380039
133	74	3.0	876627686
133	227	2.5	878461526
133	22	2.0	876910155
133	258	3.5	888479482
133	97	4.0	892107493
133	108	4.0	892651962
133	163	3.5	875310631
133	23	3.0	880426119
133	8	4.0	885517703
134	20	3.5	888221341
134	74	4.5	878919826
134	54	4.5	886567457
134	120	3.5	881707418
134	4	2.5	888340842
134	196	3.0	888855845
134	2	3.0	888741256
134	289	3.0	890179261
134	30	4.0	889901775
134	199	4.0	889619283
134	291	3.5	887758689
134	62	3.5	890277764
134	115	3.5	886923768
134	19	3.0	886059441
134	280	2.5	885663823
134	38	1.5	888109004
134	11	3.0	879191297
134	244	4.0	892506437
134	293	3.0	881634073
134	198	3.5	882979339
134	145	4.0	882004656
134	231	4.0	881132434
134	122	2.5	881254467
134	252	4.5	886918890
134	129	4.5	890273026
134	177	2.5	893119434
134	233	2.5	888421900
134	246	4.5	887301469
134	79	3.5	885022531
134	275	1.5	881889040
134	185	2.0	887905882
134	147	3.5	879467007
134	90	2.5	890503092
134	132	3.0	878370405
134	83	3.5	892939018
134	189	5.0	889902044
134	222	3.0	884801786
134	154	4.5	888553090
134	22	5.0	876432151
134	236	5.0	881415790
134	211	4.0	882011999
134	278	1.5	886055476
134	117	4.0	893236457
135	81	4.5	886261690
135	197	3.5	886125722
135	265	5.0	877577189
135	222	4.5	887138781
135	93	4.0	877036274
135	227	4.5	880671745
135	13	4.0	879252659
135	106	1.0	884794547
135	198	3.0	887932262
135	291	4.5	879740627
135	89	2.5	878448306
135	140	3.5	881339356
135	289	2.5	885485568
135	80	5.0	884534330
135	206	5.0	877512167
135	295	2.5	886626864
135	102	3.5	891325761
135	78	3.0	875260088
135	211	4.0	888741693
135	163	4.0	880397427
135	240	4.5	886979324
135	126	4.0	883204444
135	67	5.0	881167937
135	250	2.5	891952320
135	162	2.0	884128199
135	272	3.0	892187496
135	19	2.0	875511371
135	50	2.0	891153263
135	34	2.5	885414063
135	44	2.5	880324338
135	11	2.5	876469911
135	5	4.0	882737640
135	28	3.0	885013710
135	170	3.5	883553330
135	47	4.5	889788336
135	161	2.5	889252090
135	183	3.0	886049929
135	104	4.0	876082179
135	110	1.5	883879585
135	158	1.0	890095576
135	186	4.0	877417258
135	299	4.0	885895613
135	229	5.0	893222399
135	244	3.5	875777440
135	174	4.5	879108591
135	90	3.5	875083000
135	149	4.0	875369363
135	156	5.0	884881987
135	52	1.5	887497913
135	288	4.0	881423597
135	82	5.0	890499352
135	84	4.0	887475962
135	213	5.0	887757155
135	61	3.0	875932104
135	273	3.5	883793925
135	210	3.5	887312385
135	283	1.5	885986748
135	241	2.5	887032270
135	144	2.5	891924182
135	128	4.5	888969043
135	59	4.5	888387908
135	76	4.0	886204643
135	228	4.5	879165307
135	21	3.5	886342566
135	70	4.5	883502144
135	196	3.5	893259596
135	243	3.5	881197475
135	195	3.0	891127137
135	245	4.0	884175018
135	88	3.0	883672755
135	226	4.5	877519999
135	300	2.5	889819983
135	293	2.5	877569968
135	94	4.0	885415619
135	230	3.5	891796912
135	252	3.0	878533986
136	66	4.5	879379211
136	55	3.0	881419534
136	125	3.5	877447840
136	39	5.0	880951567
136	91	5.0	877801781
136	192	5.0	877797823
136	34	3.0	874853597
136	79	4.5	889252751
136	293	2.5	882545434
136	122	2.5	881778490
136	45	1.0	876402385
136	5	5.0	877389333
136	7	2.5	887706951
136	175	3.5	885475716
136	37	2.5	892486194
136	80	4.0	881188588
136	299	3.0	890698099
136	236	2.0	881344991
136	170	4.0	891344232
136	63	2.0	880968011
136	29	2.5	890468800
137	32	1.5	877685274
137	227	2.0	885408375
137	95	3.5	886853958
137	260	1.5	876935236
137	4	2.0	883530644
137	41	3.5	885430720
137	91	3.0	889850610
137	102	5.0	886740972
137	135	5.0	890845896
137	74	2.5	887154727
137	278	4.0	891491689
137	295	4.0	884799333
137	97	3.0	891135761
137	64	2.0	885243174
137	39	3.5	893042641
137	96	3.5	881109616
137	165	3.0	882378866
137	117	4.0	880447517
137	84	2.5	876157466
137	203	2.5	886565900
137	152	3.5	888473047
137	212	4.0	890325669
137	147	2.5	890214785
137	112	4.5	885608686
137	219	1.5	888255255
137	129	3.0	890281345
137	177	3.0	890307139
137	124	3.0	889897232
137	272	3.0	879847963
137	145	5.0	879492220
137	83	2.5	887662096
137	34	5.0	888804054
137	33	4.0	875546116
137	253	3.5	879403272
137	31	4.0	885352187
137	221	5.0	887524294
137	229	2.5	879737202
137	7	2.5	888126962
138	8	2.5	889119475
138	223	3.5	878813229
138	89	2.0	879067595
138	78	3.5	892496369
138	95	5.0	884183607
138	112	3.5	886170034
138	49	3.0	887252414
138	9	3.0	879024157
138	201	4.5	887125338
138	242	2.5	890613506
138	77	5.0	876842833
138	139	5.0	875318951
138	173	4.0	889726165
138	102	3.5	887140135
138	12	4.5	888716927
138	255	4.5	882982786
138	82	2.5	881752886
138	156	3.0	885670186
138	282	2.0	882557601
138	143	4.0	885211712
138	117	4.0	890702917
138	98	2.0	884137779
138	250	3.0	886158628
138	256	2.0	885833264
138	222	2.5	881246945
138	31	4.0	878990580
138	181	3.0	885523625
138	55	3.0	882406215
138	35	2.0	882677710
138	166	3.5	883083087
138	245	3.5	891119000
138	149	3.0	890486989
138	73	3.5	875375575
138	121	3.5	885242683
138	266	2.5	891869698
138	254	2.0	877931931
138	111	5.0	887614421
138	214	3.0	879702693
138	252	3.5	885517658
138	7	4.5	877452942
138	158	5.0	892482908
138	174	2.5	891197938
138	160	4.0	890249985
139	137	3.0	879037651
139	35	3.0	885556205
139	231	3.0	875293666
139	200	2.5	878882605
139	99	3.5	876483750
139	142	2.0	885681508
139	74	4.5	893266054
139	187	3.5	890733580
139	31	4.0	887100322
139	243	3.0	879481146
139	127	3.0	885303373
139	115	4.0	887308596
139	2	2.5	893183913
139	168	3.0	875579182
139	183	2.5	889296044
139	248	2.5	885592461
139	288	1.5	887996752
139	75	5.0	880697346
139	140	3.0	885683938
139	164	4.5	875883478
139	249	4.5	884217558
139	161	2.0	885596821
139	275	2.5	876046132
139	103	5.0	891894793
139	97	5.0	876599033
139	62	3.5	879149424
139	152	4.0	891390411
139	32	3.0	876868096
139	100	4.0	877002876
139	269	3.0	879419358
139	259	1.5	879810552
139	145	2.0	878155758
139	128	3.5	892266315
139	193	2.5	880206891
139	217	3.5	882610457
139	6	2.5	877807000
139	153	2.5	886814939
139	134	4.5	886706361
139	105	3.5	886071411
139	13	3.5	877447944
139	15	4.5	888570670
139	216	4.0	886253110
139	41	5.0	877059310
139	189	3.0	891248781
139	239	3.0	888165269
139	76	2.0	893015612
139	229	3.0	876810133
139	196	4.5	892330027
139	285	5.0	888695195
139	81	4.5	888011935
139	228	1.5	879925110
139	56	4.5	893115810
139	141	1.5	877726949
139	234	4.5	881679019
139	102	3.0	889773810
139	233	4.0	880061893
139	146	2.0	878591829
139	84	4.5	883474185
140	123	2.0	887076708
140	29	3.0	891808903
140	286	2.5	880233649
140	13	1.5	888051909
140	27	3.5	881864366
140	116	5.0	879833568
140	246	5.0	892717602
140	22	3.5	874971333
140	113	4.5	884167502
140	120	3.5	883638334
140	79	4.0	887284153
140	71	3.0	891866985
140	257	3.5	887757915
140	164	4.0	880088832
140	166	3.0	881488810
140	199	3.5	883323980
140	203	3.5	885948189
140	10	4.5	881293742
140	262	2.5	885698958
140	149	3.5	883460332
140	253	5.0	887899268
140	213	4.5	878723313
140	282	5.0	884300531
140	35	3.5	889879561
140	21	4.0	875691664
140	103	4.5	889674667
140	19	5.0	891898039
140	107	1.5	888337435
140	118	2.0	881589613
140	299	5.0	880926644
140	252	3.0	878506076
140	4	3.0	876122590
140	179	2.0	887725443
140	42	3.0	878305961
141	106	2.0	875481662
141	103	5.0	890821609
141	292	3.5	876848163
141	153	3.5	879868431
141	110	4.0	881954870
141	156	4.5	876911041
141	185	4.5	888063903
141	238	4.5	887388992
141	28	3.0	875727924
141	118	3.0	875971631
141	291	4.5	891415470
141	130	3.0	889236583
141	112	3.5	890351062
141	262	4.0	888563371
141	13	4.5	880597503
141	159	1.5	875169945
141	7	4.0	876202236
141	111	3.5	876838982
141	93	4.0	884147563
141	171	4.5	884172584
141	256	5.0	890803026
141	199	5.0	881526147
141	168	5.0	883693287
141	235	5.0	875543870
141	201	4.0	883850255
141	85	3.5	881035285
141	252	4.5	882603911
141	246	4.0	889756730
141	288	3.0	874790093
141	147	4.0	876205235
141	128	3.5	889332447
141	40	2.5	891116976
141	55	5.0	882493261
141	1	3.5	876311651
141	16	5.0	884338628
141	26	2.0	886939690
141	6	3.0	877691458
141	141	3.5	887049157
141	228	4.5	890034170
141	196	4.0	890578346
141	82	4.0	892998143
141	50	2.5	880224104
141	189	2.5	887249487
141	98	4.0	887182540
141	217	2.0	893214009
141	191	3.0	892869840
141	39	4.0	879613446
141	144	2.5	885485993
141	214	5.0	886360975
141	12	4.5	888381419
141	18	2.0	880561930
141	62	2.5	888206182
141	155	1.0	887210646
141	73	2.5	890410875
141	135	4.5	886382765
141	234	3.0	884537688
141	105	4.0	879678457
141	244	2.0	891317734
141	90	4.5	892920224
141	8	3.0	888409072
141	58	3.5	886815339
141	45	3.5	889210538
141	121	2.0	877625341
141	297	2.5	883220702
141	286	4.5	879343192
141	140	4.0	885891761
141	139	4.5	886759634
142	239	4.0	878787330
142	231	3.5	881673410
142	277	2.0	880956241
142	85	3.0	877118354
142	22	3.5	876973590
142	176	5.0	883228540
142	260	4.0	889911424
142	75	5.0	878716108
142	175	4.0	888881912
142	82	3.0	886720898
142	294	3.5	888247173
142	72	3.5	875079328
142	106	2.5	884798269
142	203	3.0	886239570
142	42	3.5	887735350
142	215	5.0	887304801
142	58	1.5	881719077
142	257	4.5	884918097
142	279	2.5	889103585
142	267	2.0	890778475
142	54	4.5	876129797
142	295	4.0	891211125
142	3	5.0	875782279
142	131	4.5	891501753
142	282	5.0	885449775
142	117	4.0	886518990
142	172	3.5	875766250
142	251	4.0	883307335
142	60	4.5	890616004
142	167	2.5	887601400
142	192	3.0	892811129
142	281	3.0	878013273
142	268	1.5	888908224
142	202	3.5	886504158
142	113	1.5	891176731
142	296	3.5	875641689
142	180	4.5	887474296
142	209	3.0	876022312
142	55	5.0	891080764
142	116	2.0	877638195
142	233	4.5	890658763
142	80	4.0	883185674
142	97	2.0	892969427
142	1	5.0	877813356
142	259	3.5	877508542
142	56	2.5	882958615
142	254	2.0	877879015
142	74	3.5	889981447
142	37	3.5	887470398
142	157	3.5	886045394
142	124	3.0	882824033
142	208	4.0	890471117
142	156	3.0	875877041
142	108	1.5	885558513
142	278	3.5	885120328
142	50	1.0	893267753
142	98	4.0	889864435
142	13	2.5	881991101
142	9	3.5	888502397
142	16	5.0	877910829
142	152	2.5	875070117
143	66	4.5	884083115
143	15	3.0	889364210
143	260	5.0	888893244
143	228	3.0	876970795
143	36	2.5	876911631
143	258	4.0	877652097
143	93	3.0	883541995
143	238	2.5	886725203
143	141	3.0	890650499
143	290	3.5	888191008
143	199	5.0	891740617
143	275	1.5	882886220
143	25	3.5	879339359
143	130	4.0	878785161
143	300	3.5	875533683
143	61	5.0	880160371
143	265	3.5	877623058
143	252	3.5	880992366
143	90	4.0	881318727
143	232	3.5	889693413
143	151	3.0	893042708
143	84	4.0	887251145
143	21	3.0	883549749
143	149	3.0	890759693
143	170	3.0	876966779
143	219	5.0	880949398
143	57	1.0	888591272
143	80	4.0	878611985
143	40	3.5	876058692
143	102	2.0	882517669
143	247	4.0	881517713
143	249	4.0	879670204
143	128	4.0	884802552
143	3	1.0	879194657
143	91	5.0	887834754
143	193	3.0	875100305
143	23	4.0	887202212
143	155	4.0	876737774
143	94	2.5	891844047
143	115	4.0	875132913
143	175	3.0	878508058
143	299	1.5	892326127
143	253	4.5	883646414
143	118	2.5	892525983
143	60	2.5	875021918
143	52	3.0	884903250
143	85	4.0	879323740
143	72	3.5	885446330
143	68	4.0	882901124
143	289	2.0	890843895
143	13	3.0	881890629
143	225	3.5	881055324
143	255	5.0	890654997
143	188	3.5	890772970
143	221	4.5	890788369
143	11	3.5	881909468
143	269	3.0	878048176
143	189	3.5	880510097
143	279	3.5	887739049
143	55	4.0	893281402
143	215	5.0	892891174
143	243	4.0	877104341
143	18	4.5	879627428
144	66	2.5	883166768
144	262	3.0	883724398
144	75	3.0	883826389
144	35	4.0	884420161
144	245	3.0	891955511
144	263	4.0	882369826
144	38	2.5	885228979
144	290	3.5	885601860
144	85	4.0	882758137
144	127	1.5	881142551
144	212	5.0	886418872
144	186	3.0	885004030
144	116	1.5	881162011
144	135	3.5	885965393
144	209	3.5	892094891
144	31	3.5	888533675
144	222	4.5	884070362
144	22	4.0	883580065
144	165	4.0	888946692
144	203	4.0	881044780
144	15	3.5	879398093
144	99	5.0	884623780
144	192	2.0	881098912
144	201	3.5	886854198
144	231	3.5	892937247
144	246	4.5	893277062
144	261	2.5	885500463
144	81	2.0	881585399
144	124	3.5	890250024
144	267	4.0	892176795
144	148	5.0	880543572
144	255	2.0	878657650
144	39	4.5	884504522
144	16	5.0	883013565
144	214	3.0	881627991
144	34	2.0	886045038
144	288	3.0	880867782
144	44	3.5	891399775
144	21	4.0	887307575
144	190	3.0	882966813
144	143	5.0	887865640
144	202	2.5	890976574
144	144	2.0	883809253
144	238	4.5	890128852
144	175	1.0	892757150
144	156	3.5	886180174
144	275	5.0	879635062
144	168	3.5	883271886
144	158	2.5	877142315
144	241	3.5	883198401
144	250	3.5	878899863
144	198	3.5	887360034
144	287	4.0	893202579
144	294	2.5	887914318
144	71	5.0	874834334
144	173	3.5	876957636
144	47	4.0	881064084
144	251	3.0	883274743
144	176	5.0	891336019
144	273	3.0	889983942
144	265	4.0	893201262
144	33	2.5	884022363
145	291	2.5	880106699
145	216	4.0	877784127
145	102	3.0	883775318
145	137	2.5	891040790
145	27	3.0	878904360
145	219	4.0	877935320
145	251	3.0	882985574
145	56	3.5	888361305
145	244	3.5	882139349
145	224	1.5	882845704
145	199	2.0	890143193
145	161	4.0	880282751
145	62	3.0	880547850
145	72	4.5	882118147
145	93	4.5	884102190
145	63	4.0	878328016
145	186	5.0	874831022
145	28	3.5	882736526
145	22	4.0	885076058
145	36	3.0	889327373
145	143	5.0	887700319
145	281	5.0	889695530
145	275	3.5	881884816
145	138	4.0	882515402
145	66	5.0	878092454
145	50	3.5	877476077
145	217	3.0	888432856
145	105	4.5	889627342
145	21	3.5	889573470
145	31	3.5	879770811
145	6	2.5	887625567
145	58	2.0	887480851
145	173	3.5	875497354
145	142	4.5	892886536
145	146	3.5	883842231
145	221	5.0	881607689
145	124	3.0	891217378
145	119	2.5	889376262
145	113	3.5	892305064
145	293	3.5	886210014
145	283	4.5	885531922
145	182	2.5	875419817
145	122	5.0	891469450
145	78	5.0	891755575
145	12	3.5	887740496
145	284	4.5	889562126
145	300	2.5	881619125
145	163	4.5	887239206
145	88	4.5	879573853
145	197	4.5	877320378
145	278	3.5	887397020
145	9	1.0	880374660
146	207	3.0	880359378
146	107	3.0	882651784
146	112	2.5	875301235
146	161	3.5	881280742
146	181	3.0	877309994
146	208	2.5	876985678
146	141	2.5	878130830
146	128	3.0	883752332
146	149	4.5	880721913
146	119	3.0	892641210
146	195	3.0	878890065
146	241	3.0	890244880
146	13	4.0	887103966
146	289	4.0	880728402
146	125	1.0	879849096
146	34	4.5	892631278
146	232	5.0	880992903
146	12	2.5	882967240
146	200	2.5	875018193
146	293	3.0	885645934
146	177	2.5	880489178
146	185	3.5	883862838
146	196	1.5	891946384
146	11	2.5	875419889
146	252	5.0	891532564
146	224	2.5	891653247
146	229	4.5	876632281
146	218	4.0	887938635
146	46	1.5	879252850
146	131	4.0	880328342
146	179	3.5	876346881
146	118	3.0	890463983
146	138	3.5	879956161
146	188	4.0	879163658
146	134	4.0	882842384
146	246	4.5	887045590
146	81	4.0	884095692
146	87	2.0	890240454
146	113	3.0	882972017
146	300	5.0	889990102
146	265	4.0	880601601
146	272	5.0	878411542
146	101	5.0	883053416
146	19	3.5	880163443
146	187	4.0	876143174
146	25	3.5	876975340
146	47	2.0	887388994
146	82	3.5	879284900
146	48	4.5	874743949
146	284	3.0	884361626
146	26	4.0	890185676
146	129	4.5	892471415
146	41	2.5	891164922
146	269	3.0	887979278
146	77	2.5	893190242
146	151	2.5	892893393
146	73	2.0	888277293
146	143	2.5	892342490
146	96	5.0	890381886
146	210	2.5	892161476
146	160	3.5	886600814
146	86	3.0	888320919
146	267	4.5	883161294
146	35	5.0	892289462
146	27	4.5	888404123
146	294	4.0	880324794
146	91	3.5	891607707
146	148	2.5	891492755
146	281	5.0	878960616
146	217	2.5	875946650
147	38	4.0	876447604
147	189	4.5	882957826
147	153	3.0	879608137
147	60	4.5	878123265
147	212	4.5	884637296
147	196	5.0	887275263
147	193	3.0	876507099
147	154	2.0	886487387
147	192	3.0	890330521
147	13	3.5	887695405
147	162	3.5	889266608
147	250	3.0	877346098
147	102	1.5	884588070
147	9	4.0	886628962
147	111	5.0	891923420
147	223	4.0	893233560
147	76	4.0	890733801
147	231	4.0	876084483
147	72	4.0	890812668
147	155	4.5	876998212
147	203	4.0	886552057
147	126	3.0	885846406
147	73	2.5	881216798
147	117	3.5	885138051
147	225	4.0	891727329
147	130	3.0	880292913
147	205	4.0	875095693
147	239	4.0	878123865
147	191	4.5	879621611
147	105	5.0	883771273
147	238	3.5	876734183
147	67	2.0	875552951
147	213	3.0	891820918
148	267	3.5	887605905
148	191	1.5	883977674
148	13	5.0	887958558
148	230	3.5	882114655
148	207	4.0	876130360
148	172	5.0	876201555
148	236	3.0	884888692
148	178	4.0	875131212
148	168	3.5	879185504
148	146	3.5	881250827
148	189	2.5	888763074
148	27	5.0	881223004
148	265	3.0	888736673
148	300	4.0	879813120
148	64	1.5	889049482
148	225	4.5	893080862
148	250	4.5	883286052
148	222	3.5	881791809
148	264	3.5	874743734
148	19	4.0	876946961
148	281	5.0	880207216
148	290	1.5	875981692
148	260	4.5	883633669
148	35	2.5	890920245
148	79	3.5	876942291
148	194	3.5	882076299
148	170	3.0	890438472
148	226	3.5	880281455
148	137	2.5	891283226
148	74	4.5	878557868
148	73	1.5	877408042
148	101	4.0	890146537
148	48	3.0	886225059
149	191	2.5	891228818
149	241	3.5	888023830
149	133	2.0	881906317
149	296	3.5	888324915
149	286	2.0	889156660
149	281	4.0	882613737
149	170	2.5	884336967
149	168	3.0	882886351
149	270	4.0	880257648
149	80	2.5	886002733
149	267	3.5	880066307
149	143	2.0	885701804
149	126	4.0	887369618
149	116	5.0	877505646
149	12	5.0	878102293
149	223	3.5	877479356
149	248	4.5	877486583
149	140	1.5	875009582
149	169	5.0	879759426
149	261	4.5	892856533
149	154	3.0	889104214
149	256	4.5	891255249
149	208	3.0	877822288
149	27	3.0	879821214
149	132	4.0	876447991
149	55	2.5	874794746
149	76	4.5	890535831
149	285	2.5	880683073
149	115	2.5	875821424
149	113	2.5	879203666
149	128	4.5	884503244
149	238	3.0	887031367
149	79	2.0	886712047
149	51	3.0	877661400
149	278	3.5	876081310
149	259	2.5	880268625
149	186	2.5	885118778
149	212	5.0	885802428
149	205	2.5	878079190
149	215	3.0	876031394
149	291	3.0	877487776
149	42	3.0	876050570
149	125	4.0	874731860
149	84	4.5	881175487
149	247	3.0	880426761
149	34	2.5	887839934
149	161	5.0	891178464
149	30	3.5	878333102
149	224	5.0	883694826
149	222	1.5	884503425
149	213	3.5	892377277
149	243	5.0	877130002
149	16	3.0	884269095
149	171	3.5	879375891
149	190	4.0	876903819
149	61	3.0	890238150
149	158	3.0	883448265
149	121	3.0	880005977
149	250	3.0	892001600
150	255	4.5	878674675
150	115	4.0	879680027
150	146	4.0	878337666
150	17	4.5	889787972
150	202	3.0	878956250
150	174	2.5	879735286
150	84	3.0	877189019
150	243	3.5	884203006
150	232	2.5	885889216
150	184	3.0	885460463
150	261	3.0	882752743
150	157	5.0	890884415
150	151	1.0	889332123
150	206	3.5	888478019
150	215	5.0	878839104
150	121	3.5	893250790
150	159	4.5	884876469
150	168	3.5	881763486
150	108	3.0	890603616
150	124	1.5	875860062
150	237	3.5	886945547
150	77	2.5	879977017
150	80	2.5	887837590
150	19	3.0	881150001
150	41	5.0	886303862
150	31	5.0	876941159
151	17	3.5	876134850
151	130	3.0	879433772
151	200	2.5	882778558
151	96	4.0	891930899
151	255	5.0	891346154
151	238	3.5	884048221
151	204	1.0	881511274
151	166	4.0	880781718
151	231	4.5	888746107
151	69	2.0	876014847
151	168	3.5	875034254
151	217	4.0	886828717
151	162	3.5	886232638
151	291	2.5	887241314
151	95	4.5	886038587
151	4	3.0	874816558
151	85	2.0	878234411
151	129	1.5	890924734
151	213	5.0	891538060
151	48	4.0	881493082
151	250	3.5	881806767
151	172	3.0	879684251
151	76	3.0	885882159
152	259	2.5	877398222
152	141	3.0	885756562
152	272	1.5	882965554
152	201	3.0	890826291
152	271	3.0	875418981
152	101	4.0	878062031
152	223	3.5	879082674
152	21	4.5	883388236
152	233	5.0	880396168
152	281	4.5	884533228
152	149	4.0	883351302
152	276	3.5	888669114
152	234	2.5	880155879
152	23	4.0	889033977
152	146	5.0	881572945
152	171	4.0	880224526
152	10	5.0	886852275
152	209	2.0	877999767
152	33	2.5	884414508
152	243	4.5	885109552
152	214	4.0	892921934
152	238	5.0	893135378
152	293	3.5	877026200
152	119	2.5	877282422
152	162	3.5	879944726
152	115	2.0	878799589
152	231	2.5	874836386
152	136	4.5	882762721
152	154	4.5	876938707
152	20	4.0	883786121
152	118	2.0	880729962
152	297	3.0	878528801
152	131	2.5	889867543
152	203	4.5	886050332
152	3	3.0	878799528
152	114	2.5	891517464
152	123	3.5	892662637
152	204	3.0	890337494
152	2	5.0	891863629
152	221	3.0	878821622
152	25	2.0	890872507
152	39	1.5	884062927
152	275	3.5	877518723
152	280	3.0	886678780
152	9	2.0	877812727
152	257	4.5	886577483
152	157	4.0	880643662
152	27	3.5	887739825
152	255	5.0	881076569
152	298	4.0	893022091
152	110	2.5	883122576
152	274	2.5	875336324
152	283	4.5	877624624
152	148	4.0	876853167
152	60	3.5	880170330
152	121	2.5	879617380
152	200	4.0	886203721
152	288	2.5	880104821
152	169	3.5	892243032
152	91	5.0	892669929
152	103	3.0	881239988
152	8	2.0	890786892
152	220	2.5	886515153
153	175	4.5	889921828
153	200	4.0	881035645
153	222	3.5	874849590
153	54	3.0	886650675
153	263	4.0	875299206
153	207	2.5	887224990
153	109	4.0	886090455
153	86	3.0	888667706
153	98	2.5	874974281
153	248	3.0	885300066
153	35	3.0	890276561
153	117	3.5	877584395
153	254	3.5	879223675
153	286	1.0	877945175
153	235	2.5	892190267
153	199	3.0	878633596
153	165	5.0	879280405
153	189	2.5	890610378
153	102	3.5	891312189
153	22	5.0	893233488
153	19	2.0	886156816
154	17	4.0	885722304
154	163	2.5	880924768
154	126	3.0	877847830
154	160	2.5	879335918
154	275	3.0	892339254
154	218	5.0	878084267
154	151	4.5	886889270
154	20	4.5	878528916
154	55	4.0	877917657
154	29	2.0	883589785
154	154	4.0	885924681
154	71	4.5	885405479
154	133	2.5	878876298
154	195	4.5	880852385
154	79	4.0	881848667
154	144	5.0	877370103
154	175	3.0	882493211
154	211	2.5	876371518
154	39	3.0	884003010
154	272	5.0	885176530
154	187	1.5	893186639
154	256	1.5	892887936
154	158	3.5	877397761
154	209	3.0	893143962
154	12	3.5	893047598
154	14	4.5	884697301
154	146	3.0	893259062
155	153	1.5	888332540
155	52	5.0	881139140
155	207	2.5	883211840
155	21	2.5	879026087
155	160	4.5	880910735
155	216	3.0	878750477
155	48	3.5	883072386
155	171	4.0	879168946
155	138	4.5	876073806
155	27	3.0	882470940
155	71	5.0	883113182
155	36	1.5	876287145
155	49	4.5	877147314
155	3	2.5	887969274
155	55	5.0	879186176
155	245	3.5	882044128
155	22	3.0	884004156
155	241	4.0	878503393
155	185	4.5	874819255
155	208	4.0	881778018
155	278	2.5	878441679
155	136	3.0	875186416
155	82	3.5	888594630
155	288	3.5	878313479
155	127	4.0	886178749
155	42	1.5	881648111
155	172	4.0	889726041
155	87	3.0	879569423
155	95	2.5	879656793
155	292	3.0	878860097
155	54	3.5	887098135
155	9	1.0	885633645
155	112	3.0	888519837
155	65	2.5	887432600
155	261	4.0	892134961
155	123	2.5	883954346
155	209	3.5	889603140
155	268	5.0	881487570
155	140	4.5	879620821
155	296	4.5	881663144
155	97	3.0	887784465
155	253	4.0	886575403
155	281	3.5	881032966
155	122	3.5	882870669
155	31	4.0	891163473
155	221	3.0	891129925
155	109	5.0	883915183
155	199	3.5	889403123
155	99	4.0	876366643
155	271	5.0	883184160
155	150	4.5	874827299
155	177	2.0	889263623
155	70	4.0	890279957
155	211	4.5	880046614
155	297	4.5	876785106
155	148	2.5	876724296
155	128	3.0	890117725
155	64	4.5	892316694
155	131	2.5	884424387
155	255	3.0	881564441
155	1	5.0	888596258
155	59	3.5	878429672
156	148	3.0	881310396
156	73	2.5	882941655
156	146	4.0	885620339
156	144	2.0	876261618
156	91	3.5	886003964
156	219	4.0	886699637
156	8	5.0	890541726
156	243	4.0	882816936
156	272	3.0	892591974
156	34	4.5	885912736
156	233	3.0	891272096
156	179	2.5	882360949
156	156	3.5	889180737
156	115	5.0	875276055
156	231	3.5	877283848
156	103	3.5	878187272
156	142	5.0	879321524
156	245	2.0	882485998
156	200	2.0	888506699
156	139	2.0	876196969
156	83	4.0	881602004
156	246	3.5	890397410
156	113	5.0	888561211
156	225	3.5	892675683
156	69	3.0	877160894
156	9	3.5	878167903
156	121	3.5	893131599
156	249	2.0	889531649
156	197	5.0	879278759
156	283	4.0	882131252
156	261	3.5	881923267
156	75	4.0	882055362
156	57	4.0	887169276
156	138	3.5	877974664
156	190	3.0	875953334
156	268	4.0	883329963
156	131	4.0	875117223
156	51	2.5	888453109
156	140	5.0	878760551
156	265	4.0	884133738
156	159	4.0	889818731
156	207	5.0	881740419
156	11	3.5	877861477
156	33	4.0	886160539
156	291	4.5	882667363
156	55	3.0	878710275
156	124	3.5	877862390
156	145	3.5	883123943
156	130	2.5	892739785
156	126	5.0	882818374
156	285	2.0	876206827
156	295	2.0	890697037
156	94	5.0	884022022
156	255	4.0	892880179
156	271	2.5	880329566
156	2	4.0	874938002
156	77	5.0	891151263
156	168	3.5	881984498
156	284	5.0	888542726
156	215	2.0	885822640
156	175	4.0	878083292
156	1	4.5	877701329
156	247	4.5	891626092
156	100	3.5	882419721
156	96	3.0	884041767
156	56	4.0	874727827
156	157	4.5	889055999
156	218	4.0	886433824
156	129	4.5	886700275
156	206	2.5	889903252
156	290	3.5	880237513
156	289	2.5	875627303
156	183	3.0	877996642
156	50	4.5	875441479
156	195	3.5	883960833
156	242	5.0	881185435
157	81	3.5	888829538
157	120	3.5	878366185
157	24	3.5	877571042
157	92	3.0	880010684
157	101	3.5	881831041
157	108	4.5	877181331
157	102	3.5	879883358
157	68	2.5	888651572
157	152	2.5	878363343
157	236	3.0	889308085
157	32	3.5	882417302
157	231	4.5	880301093
157	116	2.0	883654889
157	69	3.0	892181801
157	17	3.5	892537610
157	61	1.5	885799326
157	105	2.5	889926718
157	188	3.0	880006082
157	154	2.5	892604114
157	222	3.5	881958628
157	79	3.5	889792615
157	33	3.0	888981529
157	82	4.0	880500602
157	243	5.0	889658975
157	194	5.0	884092281
157	4	1.5	885318857
157	88	4.0	883456535
157	192	3.5	881910294
157	18	3.5	875396729
157	273	3.0	881310426
157	90	3.5	888341640
158	193	3.5	879412681
158	275	3.0	882123724
158	239	2.5	877723908
158	47	3.0	892104398
158	298	3.5	879684800
158	60	4.0	889567434
158	65	4.5	877121678
158	28	3.0	888888787
158	118	4.0	893069799
158	274	4.5	877414328
158	58	4.5	885523949
158	287	3.5	890189921
158	246	3.5	880248931
158	203	3.5	883996177
158	70	2.5	886055420
158	266	3.5	875730004
158	93	4.0	875835567
158	276	4.0	875111579
158	119	3.0	875641477
158	124	3.5	875536969
158	26	2.5	875743000
158	261	4.0	877530994
158	279	3.5	885545900
158	38	3.0	880258638
158	283	3.0	877444739
158	43	3.5	877497400
158	174	3.0	881114212
158	269	4.0	890857005
158	48	3.0	878021788
158	133	5.0	889454402
158	134	5.0	892811600
158	171	2.5	887191506
158	282	3.5	876645619
158	92	3.0	875591798
158	23	3.0	879750333
158	219	5.0	886580726
158	252	3.0	885222013
158	106	4.0	887443351
159	59	4.0	886639119
159	259	2.5	875294946
159	149	2.5	892368362
159	150	2.5	880924442
159	134	2.5	878944739
159	82	1.0	876889458
159	44	4.0	876761858
159	280	5.0	883710945
159	76	3.5	876301318
159	296	2.0	878832123
159	277	3.0	887867194
159	245	3.0	883207777
159	148	2.5	892460770
159	252	4.5	878894333
159	268	4.5	892484722
159	40	2.5	874891533
159	78	4.0	883502811
159	90	5.0	883403953
159	257	5.0	880678778
159	22	5.0	893095012
159	161	2.5	890617490
159	195	5.0	891449823
159	241	3.0	883080278
159	21	3.0	892027500
159	260	4.0	881229444
159	223	3.0	887411235
159	240	4.0	881022340
159	14	2.0	892452231
159	23	3.5	876877761
159	26	5.0	888136708
159	2	3.5	883710568
159	126	3.5	882852505
159	194	4.0	879920980
159	177	4.5	876923550
159	175	2.0	879472694
159	46	4.0	888149255
159	186	3.0	884628337
159	265	3.5	880458193
159	141	4.5	892230844
159	272	2.5	885042583
159	77	2.5	888402879
159	208	1.5	884710063
159	289	3.0	880046203
159	63	5.0	875419601
159	121	3.5	882868914
159	212	2.0	888810850
159	138	3.0	879103911
159	262	2.0	887081348
159	117	2.5	892452222
159	165	4.0	889182947
159	190	2.5	881901141
159	188	4.5	878217487
159	159	3.5	885112659
159	88	3.5	883175391
159	193	3.0	877481819
159	283	4.5	890225692
159	28	4.5	876093021
159	209	4.0	887817115
159	107	4.0	884510031
159	124	3.5	887806940
159	211	4.0	879981750
159	286	3.0	886625664
159	236	3.5	887262825
160	149	3.0	891524860
160	22	3.0	888387990
160	96	3.0	893265205
160	207	4.0	892323139
160	118	5.0	875005961
160	189	4.5	875082800
160	175	2.0	880926535
160	279	5.0	881727639
160	151	3.0	875616226
160	99	4.0	875711150
160	12	2.5	878306504
160	44	3.5	885951636
160	241	4.0	888650560
160	194	2.0	878483297
160	158	4.0	893170938
160	211	5.0	879016557
160	144	3.5	892302861
160	263	5.0	875164950
160	295	3.5	882924937
160	272	4.5	887384499
160	259	1.5	885926922
160	116	5.0	890571562
160	56	5.0	891413062
160	124	3.0	883579293
160	285	1.5	884242397
160	257	4.0	878741207
160	266	2.0	888666942
160	92	4.0	874827859
160	142	4.0	881895351
160	170	2.5	887870041
160	69	4.5	887069548
160	239	4.5	886327583
160	32	4.5	879218530
160	20	3.5	876669023
160	30	2.0	877283300
160	150	4.5	885167783
160	123	3.0	877104144
160	105	2.0	878857731
160	111	5.0	892373046
160	107	5.0	884349334
160	182	3.5	878377315
160	100	5.0	892818243
160	270	3.5	884530774
160	132	3.0	882302780
160	162	3.0	882487511
160	63	5.0	888045891
160	203	2.5	892504818
160	114	4.0	890741813
160	73	3.0	886232212
160	53	3.0	875609746
160	47	4.5	879398629
160	49	3.0	888390726
160	233	3.0	881257956
160	64	4.5	880449119
160	25	5.0	880015509
160	102	4.0	881958562
160	253	3.0	891698306
160	208	3.0	879686817
160	166	3.5	877191012
160	21	4.0	882782551
160	209	2.5	889867554
160	18	4.0	883952838
160	40	3.5	885971862
160	43	2.0	886055863
160	255	2.5	888759488
160	168	3.0	877299832
160	200	3.5	877819258
160	237	5.0	883286033
161	19	3.5	887080888
161	151	2.5	876900376
161	67	3.5	884433671
161	267	3.0	884313372
161	275	4.0	880824168
161	209	4.0	875253973
161	22	4.5	889928489
161	188	3.5	883289277
161	11	5.0	880281358
161	173	4.5	888242282
161	122	3.0	888842331
161	253	5.0	887336747
161	203	4.0	884670635
161	220	2.5	893270196
161	223	5.0	890032317
161	24	5.0	877733021
161	266	3.5	892247251
161	50	3.0	884641639
161	60	3.5	879596177
161	66	4.0	892685209
161	219	5.0	887011688
161	10	4.0	887612928
161	99	3.5	883052947
161	29	5.0	879654924
161	105	3.0	885809544
161	185	4.5	878178936
161	200	3.0	884603386
161	204	4.0	875438525
161	46	3.5	891516635
161	14	3.5	885112937
161	198	3.0	881249402
161	79	5.0	880600884
161	234	3.0	881112659
161	38	3.0	878360496
161	165	5.0	880930756
161	109	4.5	882208284
161	52	1.0	884604196
161	90	3.0	879465690
161	112	1.5	889148907
161	131	2.5	888287819
161	175	1.0	876562570
161	183	3.5	888408848
161	27	2.5	875495142
161	221	3.5	890595203
161	261	2.0	879925674
161	282	3.5	888079165
161	94	3.0	878674625
161	224	5.0	890065175
161	293	5.0	888740518
161	56	4.5	875748802
161	249	3.0	889555411
161	218	5.0	880560316
161	288	2.0	881969341
161	74	2.0	885109865
161	108	3.5	882378823
161	269	5.0	892172805
161	136	3.5	882120017
161	149	3.5	885656008
161	21	2.0	886864761
161	124	4.5	882910709
161	156	4.5	892180011
161	284	4.5	879372772
161	3	3.0	875311888
161	271	3.0	884277704
161	230	2.0	874827797
161	100	3.5	886290348
161	176	2.5	888397207
161	153	2.5	878677599
161	245	3.0	879504749
161	70	3.0	889292306
161	120	3.0	886178170
161	192	4.0	875729326
161	64	3.5	893154555
161	28	3.0	879665344
161	53	3.5	888355558
161	190	2.5	886761429
161	232	3.5	892995112
161	25	3.5	879644201
161	260	2.0	889292218
162	137	4.5	881298006
162	48	2.5	889599846
162	282	3.5	888520110
162	196	4.5	879544741
162	294	4.5	876412470
162	194	3.5	887084856
162	177	3.0	882123823
162	209	4.5	884113247
162	38	4.0	883788483
162	111	3.0	875289025
162	8	2.5	891343173
162	288	1.5	889510455
162	247	3.5	889579087
162	219	3.5	884170314
162	51	4.5	887835700
162	75	4.0	880171006
162	98	5.0	876676973
162	271	3.0	889791491
162	161	4.5	879413287
162	293	3.0	888254502
162	173	4.5	888537261
162	62	2.0	879087751
162	129	3.5	879328146
162	99	1.5	886285905
162	205	3.0	875377762
162	278	4.0	877814050
162	77	3.0	891236648
162	124	2.5	890634186
162	160	4.5	887625489
162	261	3.5	876325092
162	140	3.0	880126027
162	21	3.5	876965948
162	16	5.0	883567842
162	85	4.5	875487572
162	245	4.5	888055177
162	115	4.0	892306609
162	1	3.5	892627208
162	4	1.0	883542783
162	264	3.0	876978161
162	223	3.0	881276834
162	201	1.5	881383226
162	200	2.5	881525067
162	33	1.5	889953940
162	29	3.5	882513133
162	60	4.5	877717323
162	199	4.5	879176231
162	258	4.0	885267517
162	104	2.5	886733134
162	39	1.5	880470855
162	42	1.5	881523461
162	172	2.0	886292302
162	14	2.5	888190516
162	25	3.5	878372522
162	34	2.5	890401098
162	193	4.0	893001319
162	143	3.5	877380571
162	151	3.5	890302524
162	165	4.5	875081775
162	28	2.5	881600584
162	233	4.0	880236792
162	91	3.5	878135738
162	268	3.0	877361906
163	84	4.5	883485717
163	1	4.5	892153703
163	195	2.5	888813133
163	58	3.5	880483308
163	113	4.0	893049626
163	217	3.0	886137832
163	122	4.0	891210198
163	263	4.0	889419236
163	163	5.0	882571900
163	68	2.0	889019585
163	240	3.5	882496882
163	254	2.5	892822625
163	280	4.0	882879423
163	294	2.0	878582981
163	177	4.0	892015319
163	193	3.0	880671112
163	63	3.0	892961938
163	98	2.0	885409838
163	112	3.0	888429184
163	230	4.5	875703055
163	39	3.5	886081921
163	152	4.0	882405597
163	158	5.0	889812234
163	136	4.0	875493733
163	26	3.0	891261209
163	87	4.0	892998398
163	297	3.0	889109132
163	166	3.0	888239810
163	25	2.0	878717518
163	73	4.5	889944118
163	203	3.0	890774507
163	151	3.5	876774514
163	262	2.5	888235715
163	23	4.0	891383291
163	49	2.5	882641875
163	221	3.5	888317096
163	142	4.5	892115212
163	146	4.5	879641916
163	28	3.5	875243522
163	232	1.5	886974973
163	105	5.0	874800256
163	129	5.0	887345096
163	53	4.0	892864928
163	204	2.5	879544115
163	241	3.5	877555110
163	274	3.0	880460513
163	56	5.0	880779572
163	238	4.0	882237822
163	256	2.5	886445401
163	88	3.0	885726892
163	96	4.5	880067151
163	8	5.0	877616737
163	83	5.0	887923572
163	48	4.5	887006991
163	252	3.0	875222394
163	275	1.0	885967156
163	94	4.0	892813049
163	100	3.5	889733014
164	54	3.5	888099293
164	136	3.5	880973792
164	208	2.0	882693271
164	292	4.0	887095588
164	77	4.0	876465246
164	38	4.0	883761831
164	268	4.5	875727912
164	90	4.0	886816293
164	293	3.0	887816120
164	72	3.5	887506908
164	168	3.5	885860651
164	291	3.5	890046853
164	204	4.5	876010374
164	234	4.0	875752621
164	21	5.0	878913158
164	286	5.0	880359158
164	274	3.5	884106431
164	138	1.0	892903497
164	121	4.5	880627176
164	221	3.0	886221514
164	278	2.5	887291828
164	148	3.0	883728117
164	280	3.0	883153775
164	9	4.0	880850274
164	82	2.0	892293303
164	65	2.5	887917418
164	20	4.0	890182760
164	170	4.0	887947404
164	18	4.0	881304977
164	118	2.5	879434214
164	222	2.5	886570093
164	129	3.0	884595211
164	260	3.5	880955395
164	150	5.0	883000064
164	67	1.5	879190734
164	153	3.5	892599260
164	173	2.0	883759323
164	263	2.0	887857423
164	284	4.5	882180409
164	34	4.0	881253322
164	44	4.0	893051539
164	146	4.5	878184259
164	178	3.0	886139460
164	232	3.0	888310935
164	235	5.0	880241781
164	19	3.5	883473303
164	226	4.0	877395875
164	47	3.5	885726559
164	183	1.5	880986027
164	92	1.5	892610572
164	279	3.0	886062347
164	206	4.5	890941662
164	230	4.5	880693995
164	200	4.5	886245646
164	245	2.5	887779952
164	101	5.0	880351094
164	277	2.5	880491280
164	96	3.5	888269003
164	14	3.5	882162121
164	141	3.5	882182868
164	195	5.0	886244786
164	40	3.0	892499865
164	33	2.0	887141590
164	237	3.5	878154668
164	254	3.0	882225925
164	273	5.0	891652291
164	253	4.0	878288547
164	197	3.0	887851851
164	295	2.5	887114060
164	224	1.5	886999062
164	259	2.5	875585692
164	255	3.5	891154037
164	79	5.0	892137278
164	164	4.5	883544470
164	265	3.5	887686085
164	296	3.0	885608974
164	163	4.0	875249246
164	269	3.0	885476939
164	1	5.0	891091500
165	148	3.5	886412264
165	134	3.5	888220088
165	115	1.5	880187019
165	4	3.5	879316626
165	100	4.5	885827644
165	157	2.5	889091099
165	62	2.5	888686142
165	263	4.5	876683253
165	296	2.0	885611618
165	39	4.5	891717997
165	58	3.0	888667001
165	247	3.0	889816811
165	248	2.5	892807693
165	85	4.0	889562529
165	25	5.0	884104451
165	102	4.5	884745746
165	268	2.5	880348092
165	171	4.5	879362572
165	298	3.0	891257376
165	121	5.0	886062434
165	138	4.5	891844461
165	20	1.0	886042127
165	45	2.5	884106990
165	187	4.5	892889383
165	108	3.5	886117654
165	202	2.5	888883493
165	158	3.0	886928784
165	46	1.5	885372446
165	167	3.5	884389481
165	151	5.0	880689852
165	233	4.5	891570080
165	56	5.0	879049770
165	168	4.5	884943434
165	104	4.5	878706204
165	55	5.0	877508985
165	111	4.0	889089606
165	89	3.5	885874672
165	188	4.5	875576849
165	110	5.0	879292316
165	215	3.0	874934678
165	244	3.0	876046828
165	269	3.5	876163354
165	50	4.5	879957293
165	122	4.5	885020594
165	219	2.0	887223856
165	230	5.0	882427914
165	163	3.0	882512343
165	24	3.0	877165733
165	9	2.5	882657690
165	137	5.0	879124632
165	77	3.5	878608083
165	146	2.5	885662739
165	19	4.5	885374112
165	182	4.5	877048105
165	91	3.5	881715572
165	234	4.5	874911598
165	197	2.5	885595560
165	271	3.0	886130860
165	63	1.5	890848594
165	243	2.0	875858490
165	288	5.0	892232973
165	31	5.0	881572876
165	68	3.5	889008255
165	245	5.0	880836617
165	140	3.5	878092547
165	185	3.5	884251131
165	67	3.5	884900508
165	264	3.5	884266347
165	270	3.5	892166606
166	197	4.5	877647028
166	198	3.5	890026452
166	252	4.0	880661870
166	74	4.5	880786828
166	256	4.0	886471704
166	114	2.5	890833507
166	217	2.0	890302738
166	230	3.5	885490611
166	226	3.5	883460293
166	150	3.5	886911256
166	212	3.5	883637784
166	77	5.0	890959463
166	4	2.0	879276927
166	67	1.5	887438806
166	188	4.0	879917423
166	264	3.0	875821731
166	86	4.0	885644471
166	189	4.0	879504396
166	148	5.0	877752462
166	108	2.0	891868614
166	36	3.0	889944103
166	270	4.0	887556353
166	112	4.5	882814312
166	89	5.0	878155648
166	279	4.5	887894675
166	55	3.5	876506331
166	69	2.5	893158645
166	98	3.0	880819956
166	33	3.0	889473108
166	65	4.0	878782439
166	103	4.0	890454104
166	157	2.0	880615156
166	48	3.0	876849441
166	31	4.5	890064680
166	194	4.0	881941212
166	5	4.0	881379264
166	47	4.0	889585911
166	267	5.0	882015078
166	126	3.5	880970815
166	213	3.0	875706732
166	135	2.5	885657502
166	251	3.5	880824545
166	82	1.0	880514321
166	105	3.5	879932077
166	284	3.5	881908663
166	238	2.0	888547131
166	177	2.5	880468979
166	13	4.5	878107333
166	273	3.5	889055809
166	85	3.5	885695489
166	242	4.0	877253468
166	207	3.5	884898365
166	266	4.5	882652684
167	282	3.5	879732359
167	74	2.0	875666863
167	122	5.0	878031714
167	86	4.0	879245038
167	167	3.0	886948833
167	187	2.0	888050238
167	126	4.0	876546400
167	296	3.5	893111850
167	277	5.0	881047722
167	105	3.0	880538563
167	164	2.5	875988272
167	285	4.5	876216728
167	158	4.5	883627088
167	137	3.5	891130996
167	214	4.0	890347721
167	63	3.5	892126843
167	251	3.5	891618048
167	238	4.5	891700413
167	253	4.0	889433964
167	113	3.5	886445706
167	83	5.0	881790794
167	202	1.0	887213430
167	149	5.0	891982913
167	127	2.0	886715865
167	11	3.0	880920744
167	293	3.5	882670260
167	171	3.5	892675981
167	134	4.5	887956758
167	130	2.5	876767537
167	256	4.0	876081577
167	60	3.0	881502544
167	93	4.0	875306443
167	229	3.5	884057210
167	299	3.5	884861622
167	225	3.0	882653197
167	2	3.0	887738833
167	96	4.0	877476504
167	90	4.5	885486761
167	226	3.0	878398277
167	36	2.5	890166955
167	29	4.0	876953007
167	170	3.5	886364321
167	240	4.5	880194241
167	270	2.5	881772865
167	255	1.5	877864372
167	58	3.0	875491112
167	110	2.5	879731547
167	252	3.5	880344408
167	168	3.0	886409958
167	71	4.0	875531021
167	297	3.0	877827658
167	286	3.5	884884678
167	266	3.5	881396656
167	125	3.5	890762679
167	67	3.5	884025467
168	262	4.0	884269282
168	99	2.5	875486712
168	30	5.0	887971452
168	101	3.5	892334625
168	3	2.0	879442839
168	296	3.5	886037775
168	213	2.5	875018048
168	241	4.0	885684905
168	43	5.0	879242285
168	108	2.5	879762172
168	256	4.0	884345200
168	48	1.5	887326980
168	59	4.0	879046769
168	75	2.5	875298990
168	204	3.0	881222656
168	25	2.5	887030032
168	78	4.0	886467933
168	60	4.5	887492024
168	107	3.5	876939892
168	81	2.5	874766185
168	61	5.0	881926100
168	236	2.5	886309001
168	210	1.5	879026499
168	239	4.0	891386433
168	72	2.5	875298106
168	28	4.5	877985129
168	46	3.0	882404085
168	58	4.0	889949507
168	196	5.0	878705954
168	207	2.5	879485379
168	54	3.0	883967678
168	67	3.5	881125433
168	93	5.0	888947162
168	22	3.0	886771290
168	62	3.0	893169412
168	17	4.0	885684894
168	229	3.0	892832001
168	70	3.5	887028805
168	176	2.0	887722648
168	271	5.0	885024080
168	225	2.0	879097980
168	128	3.0	881838672
168	102	3.5	875632094
168	110	5.0	883427295
168	19	2.0	877239581
168	151	5.0	879964924
168	293	4.5	875585231
168	221	4.0	879450711
168	195	2.5	890892995
168	173	4.0	876530455
168	275	3.0	888900108
168	7	5.0	878855691
168	92	2.5	886865461
168	234	3.5	880158979
168	155	3.0	890807701
168	267	2.5	882469300
168	77	4.0	891329358
168	145	4.0	884050519
168	91	4.5	876748343
168	52	1.5	880306551
168	47	4.5	876788930
169	44	5.0	876717792
169	221	3.0	878701231
169	219	5.0	891977829
169	12	3.0	878839718
169	212	2.0	876024286
169	117	3.0	881677841
169	67	4.5	875618781
169	65	2.5	888568353
169	145	3.0	882437227
169	272	4.0	878092809
169	55	3.5	889801581
169	176	4.0	888100793
169	164	3.5	883991437
169	134	4.0	877743960
169	82	3.0	891132297
169	4	3.5	880156312
169	114	2.5	888945255
169	147	5.0	892048189
169	17	3.0	876154915
169	128	4.5	892990824
169	31	3.5	875165246
169	64	3.5	892067382
169	9	3.0	877993862
169	186	2.5	887013815
169	208	2.0	889749083
169	255	2.5	878328528
169	289	3.0	879695199
169	232	3.5	875747517
169	189	4.5	878354682
169	217	3.0	886224451
169	158	2.5	876764901
169	34	2.0	890275690
169	190	4.0	877557878
169	227	5.0	881284123
169	179	5.0	891782544
169	191	4.0	876149116
169	146	4.0	888434609
169	218	5.0	889923630
169	89	4.0	878136069
169	127	4.0	882995978
169	129	3.0	876532726
169	246	2.0	890225051
169	71	3.0	882415016
169	237	3.5	885869455
169	223	3.5	877399252
169	2	5.0	876328557
169	57	3.5	884379169
169	23	4.5	886841924
170	142	3.0	875561335
170	252	3.0	877000077
170	154	2.0	878633114
170	103	3.0	876421811
170	206	4.0	889721238
170	90	3.5	891020543
170	59	4.5	890406663
170	101	3.5	878896311
170	13	3.0	883191051
170	9	5.0	875977992
170	290	3.5	875383982
170	223	4.5	883539264
170	94	3.0	882641944
170	179	4.0	892974226
170	273	4.5	893247918
170	271	3.5	877004555
170	182	1.0	883769517
170	229	3.5	874826275
170	219	4.5	885295932
170	220	4.0	883089511
170	130	4.0	876931881
170	255	2.0	885350254
170	16	3.0	880500118
170	105	4.0	876143959
170	62	4.0	883298595
170	288	4.5	891563533
170	3	3.5	875996349
170	171	4.0	884711477
170	102	3.5	891398102
170	207	2.5	887978717
170	81	1.0	892481309
170	226	4.0	891261153
170	131	3.5	882230189
170	224	3.0	876909729
170	202	2.0	881390760
170	77	4.0	890268725
170	41	3.0	889455687
170	181	4.0	878760567
170	300	5.0	888635581
170	33	1.5	887549926
170	269	3.0	884543274
170	124	3.5	878149121
170	71	5.0	888511796
170	244	2.0	887542637
170	10	5.0	878065951
170	17	3.5	879705525
170	30	3.5	881981982
170	137	3.5	890997113
170	213	3.0	884343256
170	218	4.5	876372372
170	52	2.5	890999327
170	160	4.0	890827209
170	170	3.0	883656031
171	120	2.5	882617072
171	90	5.0	887118944
171	166	4.0	891936631
171	224	4.0	891651470
171	94	4.5	889776565
171	108	2.0	879643987
171	264	5.0	878481353
171	149	1.0	877526531
171	299	2.5	889638205
171	292	3.0	875476770
171	59	4.0	892760278
171	229	3.5	891624383
171	8	3.5	884447665
171	35	3.5	891777659
171	136	2.5	875749320
171	85	2.0	877093967
171	221	4.0	893066171
171	72	4.0	888112983
171	14	5.0	883450061
171	110	2.5	884929085
171	240	4.0	892679819
171	27	3.0	879363296
171	236	4.5	880117454
171	277	4.5	878759391
171	88	3.5	889867534
171	55	3.0	886671794
171	46	4.5	892238321
171	211	4.0	891943010
171	29	3.0	882547517
171	82	2.0	889500524
171	15	3.0	891731706
171	133	5.0	887267332
171	49	4.5	889410405
171	280	2.5	875111727
171	43	2.5	892813896
172	32	5.0	883688255
172	14	2.5	876172070
172	133	4.0	886624495
172	277	3.0	882419991
172	24	5.0	878681246
172	215	2.5	883403612
172	243	4.5	877692162
172	164	3.5	888935776
172	48	4.0	878499348
172	93	1.5	886623448
172	97	1.5	889057474
172	195	3.5	876201816
172	289	3.5	891312527
172	44	2.5	893241656
172	154	2.5	883049951
172	207	4.0	880664827
172	47	4.0	891082723
172	81	3.5	884258110
172	262	4.5	882245288
172	256	2.5	885908634
172	139	3.0	887387711
172	85	5.0	886604407
172	217	3.5	878315332
172	287	3.5	890167784
172	259	5.0	888084681
172	78	2.0	880822397
172	238	4.5	884551121
172	201	5.0	876240282
172	297	3.0	888872349
172	245	4.5	884221955
172	26	2.5	887351732
173	280	3.0	877011439
173	128	4.0	888982472
173	136	4.5	875464747
173	220	4.5	876852395
173	14	5.0	877717156
173	137	3.5	884787673
173	232	4.5	877202807
173	262	3.0	881920518
173	160	4.5	878514555
173	78	3.5	883055777
173	34	4.0	886728711
173	228	4.0	880202306
173	6	2.0	881588976
173	79	2.5	888394097
173	288	3.5	878347262
173	174	2.0	882531111
173	53	4.5	881883339
173	198	4.5	890666769
173	73	4.0	888402586
173	82	2.5	874738951
173	183	5.0	886191233
173	297	5.0	880985308
173	125	3.5	883067193
173	209	4.0	876194087
173	141	3.5	883264733
173	278	4.0	885502982
173	65	3.5	891872486
173	1	3.5	877892099
173	258	4.5	888166893
173	294	5.0	885879904
173	114	2.0	875460587
173	274	3.5	880280430
173	205	2.5	886814914
173	273	5.0	884066822
173	257	3.0	884861106
173	117	2.0	891354016
173	22	4.0	879578176
173	224	5.0	883522102
173	71	4.0	878904563
173	133	3.5	877991618
173	203	4.0	889116800
173	246	5.0	885391116
173	270	2.5	875783882
173	295	3.5	881209057
174	149	3.0	892770869
174	141	2.5	887974877
174	15	3.0	881675226
174	291	4.5	888859475
174	214	4.0	885273821
174	206	4.0	883064760
174	33	3.5	888508521
174	241	4.0	878944617
174	248	2.5	878080432
174	34	3.0	891994095
174	265	3.5	883445686
174	65	4.0	885718948
174	133	4.0	887219990
174	276	3.5	876597428
174	294	3.0	887441266
174	280	5.0	891015659
174	22	4.5	874982352
174	278	4.0	876373968
174	2	3.5	875555960
174	237	3.0	884829048
174	283	3.5	879284312
174	75	4.0	884747867
174	50	1.5	892520398
174	140	2.0	883120624
174	41	3.0	880728522
174	227	3.5	876300369
174	139	3.5	884566807
174	212	5.0	887352434
174	54	2.0	887309120
174	116	2.5	883917674
174	168	5.0	889317801
174	95	3.5	889198078
174	202	4.5	891418155
174	193	5.0	888497472
174	136	3.0	876402510
174	217	3.5	885692797
174	128	3.0	889347865
174	298	1.5	883520360
174	203	3.0	880154799
174	282	4.5	875206386
174	226	4.0	885151484
174	160	4.0	885285887
174	260	3.0	888938054
174	196	3.0	886944815
174	47	5.0	891167364
174	175	3.0	889592546
174	134	4.0	886130423
174	161	3.5	892760819
174	26	5.0	875703969
174	57	4.5	889845051
174	64	2.0	885076970
174	70	2.5	885426300
174	93	4.0	882131269
174	30	3.5	881176808
174	245	3.0	891717407
174	185	4.5	875694142
174	127	3.5	888990425
174	23	3.5	879115503
174	180	4.5	882862217
174	59	3.0	887124068
174	37	5.0	883384724
174	243	2.5	888295349
174	32	4.0	887517686
174	117	5.0	879113835
175	95	2.0	876338466
175	215	3.0	890200157
175	173	4.5	886480653
175	149	4.5	880388819
175	28	3.5	887089376
175	56	3.0	883607477
175	204	4.5	891973570
175	172	4.5	880590978
175	178	2.5	885118629
175	118	2.5	879016882
175	5	3.5	878865524
175	218	4.0	882528153
175	83	3.0	891618114
175	96	4.0	885606374
175	61	3.0	883221289
175	90	1.5	886872393
175	78	3.0	883729201
175	151	3.5	876306770
175	93	3.0	875779511
175	232	2.5	889127522
175	220	1.5	883263127
175	245	3.0	884975692
175	243	4.5	887053522
175	160	5.0	884294667
175	206	4.5	890402147
175	69	2.5	886084200
175	162	2.5	879611644
175	35	4.0	881328535
175	200	4.0	877298462
175	15	4.0	878462796
175	54	1.5	879420441
175	41	2.5	881219139
175	91	3.5	879897589
175	144	4.0	889738620
175	52	4.5	884303358
175	48	3.5	892752395
175	191	4.0	891208440
175	258	3.5	877572366
175	129	4.0	889849374
175	274	4.0	889434582
175	265	3.5	888084205
175	199	3.0	881646316
175	31	3.5	882874954
175	4	4.0	884571923
175	275	4.0	880306746
175	8	4.0	891142397
175	203	5.0	880419603
175	247	4.0	875755002
175	254	3.0	881154683
175	287	4.5	892807057
175	66	2.0	887458850
175	101	2.5	880419432
175	89	4.0	877166666
175	296	4.0	890654099
175	184	2.5	886590570
175	228	3.0	875148018
175	7	3.0	892941477
175	140	3.0	876764088
175	229	4.5	876981968
175	70	4.0	887711109
175	210	3.5	883010573
175	135	3.0	876124015
175	85	2.0	883278738
175	39	5.0	885762484
175	76	4.0	881246413
175	57	3.0	875838721
175	105	4.0	887697289
175	271	3.5	882426942
175	246	3.0	885629890
175	176	4.0	893022568
175	117	3.0	891603975
175	221	3.0	879584275
175	198	3.5	883675869
175	273	3.0	882423346
176	118	4.0	891921099
176	157	5.0	883296416
176	7	2.5	892806075
176	19	2.0	887676605
176	54	1.5	889004971
176	264	3.5	892431175
176	36	3.0	891988212
176	203	3.5	879925766
176	226	3.5	876768875
176	243	2.0	884994884
176	259	1.5	885277648
176	147	4.0	890872473
176	35	3.5	879182245
176	218	3.0	890808734
176	177	2.0	878236319
176	89	4.0	883926705
176	143	5.0	889804546
176	131	4.0	879339460
176	185	2.5	883240593
176	134	3.5	887369434
176	135	2.0	882527833
176	219	4.5	875947070
176	28	3.5	877729231
176	273	1.5	892859102
176	108	3.0	887520307
176	274	4.0	883201674
176	186	3.0	880597727
176	34	3.0	883710574
176	244	2.5	879160645
176	112	4.0	881560925
176	231	3.0	882320901
176	283	1.5	889808449
176	55	3.0	880185158
176	8	4.5	892222120
176	165	3.0	882625632
176	124	5.0	882719629
176	64	4.0	878187639
176	76	4.0	879789680
176	275	3.5	878507288
176	234	3.5	893169770
176	258	3.0	891500891
177	201	3.0	875270890
177	81	4.0	876839671
177	291	2.5	892240846
177	108	2.5	887674701
177	89	2.5	890203675
177	265	5.0	889286344
177	264	4.0	887455342
177	26	4.0	878570528
177	296	2.5	876245048
177	286	4.0	875724648
177	109	3.5	891767783
177	86	3.5	890859239
177	75	2.5	887684566
177	63	3.5	878808375
177	23	3.0	875100656
177	60	2.5	893103849
177	8	4.0	877530243
177	95	2.0	884639095
177	118	4.0	881078269
177	90	4.0	887229485
177	2	2.5	887600078
178	48	2.5	888322858
178	148	3.5	880070119
178	32	4.0	887757730
178	121	3.5	890129997
178	284	4.0	875242341
178	149	5.0	892439922
178	164	3.0	882579126
178	125	2.0	892841942
178	44	4.5	889268846
178	262	5.0	892174323
178	25	4.0	878694644
178	248	2.5	890578455
178	142	3.5	892479655
178	216	2.5	891008510
178	282	4.0	877162367
178	71	2.0	886941354
178	100	3.0	875752645
178	162	2.5	887173261
178	159	3.5	889111317
178	210	3.0	880784978
178	51	3.5	886905685
178	18	3.5	889942795
178	2	2.5	877326331
178	102	4.0	889974215
178	9	3.5	887376561
178	235	2.5	875508998
178	207	5.0	882668639
178	94	4.0	878969486
178	190	3.5	875472200
178	143	5.0	877643122
178	169	5.0	879177418
178	195	3.5	889207237
178	225	4.0	886754198
178	39	2.5	889976948
178	170	3.5	892239339
178	11	3.5	880991737
178	24	3.5	887480106
178	224	4.0	875217709
178	222	4.0	884882497
178	200	3.5	877364078
178	217	2.5	874920814
178	138	2.5	887090986
178	38	3.0	879395493
178	7	3.0	877168803
178	202	4.5	890192817
178	154	2.5	886844802
178	45	3.0	885986060
178	47	4.5	891854138
178	116	3.0	885272699
178	145	4.0	878676702
178	1	3.5	890178896
178	229	4.0	891054239
178	278	3.5	890056339
178	166	4.0	884481913
178	52	2.0	877751733
178	205	3.0	879354206
178	241	4.0	891108592
178	22	4.0	884683593
178	268	5.0	887646406
178	8	3.0	880928193
178	189	5.0	877228819
178	288	3.0	877965128
178	221	5.0	892904859
178	215	4.5	893227490
178	281	2.5	879578473
178	104	4.0	884131053
178	151	3.5	877808431
178	73	4.0	888240869
178	194	3.5	879347530
178	274	3.0	889345800
179	91	5.0	876497764
179	84	3.5	890138212
179	73	4.5	880485236
179	245	3.5	881813825
179	172	5.0	879288529
179	263	3.0	884067811
179	39	3.0	890495383
179	231	5.0	880684826
179	28	3.0	891605900
179	136	5.0	880192572
179	188	4.5	885733863
179	137	3.5	884119902
179	68	1.5	874894390
179	54	3.5	876684650
179	284	3.5	877709692
179	178	4.5	891014541
179	151	5.0	892178740
179	191	3.0	892062625
179	249	4.5	880857393
179	24	4.5	880124214
179	164	4.5	883509849
179	223	4.0	889912250
179	259	1.5	882790204
179	65	3.5	877747610
179	2	2.5	879296491
179	296	3.5	888807011
179	255	4.5	877157003
179	1	4.0	887793693
179	295	4.5	892919430
179	10	4.0	887245265
179	26	2.0	874934324
179	33	1.0	890880173
179	205	3.5	876936319
179	113	3.5	876701651
179	176	2.5	886516820
179	210	2.0	876704483
179	141	3.0	877793827
180	295	3.5	883328928
180	191	4.0	877631319
180	1	3.5	891642183
180	92	5.0	885202362
180	238	2.5	885704686
180	56	4.5	884557352
180	45	3.5	882341678
180	162	4.0	879450826
180	96	3.0	892236867
180	219	4.5	890439096
180	42	4.0	888589547
180	23	3.0	881883163
180	186	3.5	888553330
180	117	3.5	886288029
180	226	4.0	879137287
180	28	2.5	883351247
180	292	3.5	884087354
180	70	4.0	890569696
180	103	3.5	878602497
180	17	5.0	888596769
180	237	4.5	877680545
180	37	3.5	891994182
180	221	3.5	879464296
180	161	4.0	890634038
180	8	4.0	881508898
180	3	1.5	885155260
180	248	3.0	892791080
181	110	2.0	888335446
181	37	5.0	883885354
181	19	3.5	893034357
181	133	3.5	889335038
181	171	4.5	876030574
181	24	4.0	889128517
181	79	2.5	889750540
181	181	3.5	881226087
181	288	3.0	893110984
181	207	2.0	882074116
181	114	3.0	883159318
181	94	3.5	884776803
181	36	3.5	892909266
181	240	2.0	891615334
181	152	4.5	881275606
181	185	3.5	893084435
181	225	3.5	884913168
181	132	4.0	880659708
181	269	2.5	885392317
181	124	4.0	882370137
181	173	3.0	887563477
181	78	2.5	884721088
181	216	4.0	888344191
181	272	5.0	879351857
181	31	4.0	892850549
182	170	4.5	878319736
182	172	3.0	876150946
182	28	2.0	891279946
182	229	5.0	885108910
182	228	5.0	875649347
182	142	5.0	878137755
182	26	3.0	882562052
182	202	2.5	878071089
182	185	2.5	877520957
182	230	2.0	878084081
182	181	3.5	890250336
182	41	5.0	891753932
182	187	3.5	887740482
182	204	4.0	877904150
182	82	5.0	875365485
182	106	3.0	879500318
182	290	5.0	885748480
182	94	5.0	884620983
182	5	3.5	889662646
182	18	3.0	887779568
182	277	4.0	876536092
182	171	3.0	880668797
182	167	2.5	880368232
183	13	5.0	891719435
183	208	4.5	884261260
183	190	3.5	876885933
183	120	2.0	877140919
183	162	2.5	892936749
183	138	3.5	884787412
183	43	3.0	877871956
183	91	3.0	882153036
183	1	4.5	886026202
183	70	4.0	880571986
183	94	5.0	893026752
183	225	2.5	886776595
183	161	3.0	886338173
183	290	4.5	882899609
183	183	4.0	887267350
183	31	5.0	886148907
183	6	4.0	879640700
183	81	5.0	876258302
183	214	4.0	886849469
183	26	4.5	887741224
183	41	3.0	877095722
183	164	3.5	875840652
183	57	4.5	876715322
183	173	5.0	888400056
183	110	4.0	891062120
183	178	3.5	875162535
183	133	5.0	875369679
183	226	1.5	888072108
183	174	2.0	889101883
183	17	4.0	893095695
183	145	3.5	876697368
183	23	4.0	877197260
183	253	3.5	893070103
183	52	4.0	887705489
183	227	2.5	889462901
183	98	4.0	890746973
183	67	4.5	883541738
183	238	4.5	876204085
183	282	5.0	882832665
183	182	3.5	890796678
183	188	4.0	891533931
183	15	2.0	883685618
183	119	3.0	878929294
183	34	3.5	882032998
183	25	4.5	881229082
183	5	3.0	884421136
183	202	4.5	885017758
183	148	3.5	887306569
183	111	3.5	882275406
183	156	3.5	875412951
183	7	3.0	874817960
183	105	3.0	887899203
183	297	2.0	891192437
183	61	3.5	890108620
183	2	3.0	887373957
183	143	3.0	879998645
183	179	4.0	885937738
183	65	4.0	885733641
183	220	3.5	874994821
183	24	4.5	882038442
184	179	4.0	888876454
184	6	3.0	876281462
184	38	3.0	886675775
184	253	4.0	882921564
184	109	4.0	874913238
184	195	5.0	892878122
184	161	4.5	888616397
184	131	3.0	891852125
184	67	3.5	883223271
184	201	4.0	882877622
184	95	4.5	875192609
184	147	4.5	879807092
184	55	3.5	878638776
184	236	2.0	877690460
184	276	2.5	887610487
184	299	4.0	887897578
184	32	4.0	889625287
184	96	2.5	882104807
184	294	3.5	879290833
184	77	4.0	874942653
184	113	2.5	884173298
184	114	4.5	885949061
184	158	3.0	890043601
184	170	5.0	885934675
184	49	3.0	892945785
184	36	2.5	889862711
184	8	3.0	885572106
184	17	3.5	880968117
184	293	3.0	877668334
184	21	3.5	880462246
185	217	4.0	893187636
185	160	3.5	893199817
185	86	3.5	877461175
185	203	2.0	885225480
185	24	4.0	890285577
185	119	3.5	890510230
185	124	5.0	880344385
185	215	2.5	877885415
185	92	1.5	887533099
185	5	4.0	892064433
185	73	4.0	876216441
185	235	2.5	876413971
185	190	2.0	886122122
185	182	5.0	882654735
185	267	5.0	890788901
185	96	1.0	892675592
185	40	3.0	881970696
185	131	5.0	876978518
185	237	3.0	893095388
185	238	3.0	887322309
185	13	3.0	879911326
185	65	2.5	891787820
185	1	2.0	890817142
185	228	4.5	880508764
185	59	1.5	891806080
185	47	3.5	883989456
185	177	4.5	885854676
185	83	2.0	885159861
185	116	2.5	876517202
185	282	4.5	877945079
185	4	4.0	891968790
185	93	3.0	879358647
185	97	4.5	880365926
185	221	4.5	890722525
185	87	4.0	880177760
185	51	2.5	874765618
185	88	3.0	876535788
185	35	4.0	880685059
185	181	3.5	893219907
185	269	4.5	881897018
185	64	2.0	884608018
185	268	2.0	892731849
185	294	3.5	879001585
185	251	3.0	882396543
185	3	3.0	879263627
185	188	1.5	879941990
185	290	3.5	876709776
185	49	3.5	883179152
185	223	4.0	877700334
185	55	3.5	884033525
185	58	3.5	884077827
185	258	4.5	891074935
185	224	2.0	884078381
185	109	4.0	881818872
185	275	2.0	879143127
185	191	2.5	892337452
185	171	2.5	878405840
186	216	4.5	879108354
186	185	3.5	891613934
186	296	3.5	877863292
186	101	2.5	888748069
186	6	3.0	885981052
186	65	2.5	876302937
186	7	4.0	888386665
186	66	2.5	883229606
186	19	5.0	888007999
186	107	2.0	881336324
186	26	2.5	874821542
186	142	5.0	876652114
186	77	3.0	886282008
186	113	2.0	882469378
186	68	3.5	889487665
186	67	3.0	890056335
186	225	2.5	890146288
186	255	2.5	886665354
186	184	5.0	888075470
186	53	3.0	877944385
186	125	1.5	892752468
186	191	5.0	882249122
186	100	4.0	879154538
186	22	2.5	877108338
187	12	2.5	887372342
187	83	4.0	880337521
187	46	3.5	889945515
187	213	1.5	881092426
187	38	5.0	879069195
187	241	3.0	880393506
187	153	5.0	887654586
187	194	5.0	879244144
187	21	2.5	889281960
187	82	4.5	878666387
187	299	3.0	877692923
187	272	1.5	884640638
187	112	3.0	879652448
187	62	4.0	883305464
187	15	3.0	881987303
187	135	3.0	888513422
187	127	4.5	879336613
187	278	3.5	886251417
187	142	2.5	885480966
187	35	4.0	883668813
187	199	3.5	879801682
187	201	1.0	878127527
187	84	4.0	891994742
187	78	4.0	891946123
187	291	3.5	876043090
187	42	4.5	892636097
187	104	3.0	891266786
187	61	4.0	878015933
187	215	2.0	888400285
187	250	4.0	879674623
187	8	5.0	882781198
187	257	2.5	885164664
187	29	2.5	877564602
187	188	3.0	887484328
187	208	3.5	883571997
187	286	2.5	882126923
187	189	4.0	881469593
187	214	4.5	886094141
187	202	4.0	882758377
187	236	1.5	879220262
187	197	4.5	884178116
187	120	4.5	890191056
187	79	4.5	880987946
187	44	4.0	886993327
187	293	3.5	876657552
187	263	4.5	886961021
187	186	5.0	892563210
187	31	2.5	882638530
187	156	4.5	882271532
187	298	3.5	882963080
187	147	3.5	883473761
187	131	2.0	881513002
187	154	3.0	875890205
187	19	2.5	882807490
187	226	3.0	877326800
187	221	2.5	877364959
187	101	3.0	887000409
187	157	3.0	892475071
187	97	3.5	891485425
187	116	2.0	888336662
187	177	2.0	875663879
187	5	4.0	887269438
187	155	2.5	883686299
188	240	4.5	887518573
188	200	3.5	888048332
188	289	4.0	884861069
188	138	5.0	889712947
188	256	3.0	880822350
188	170	3.0	878511048
188	233	4.5	882761973
188	206	4.0	875179246
188	172	3.5	889931589
188	103	5.0	883991903
188	185	3.5	879311898
188	123	3.5	882764262
188	224	3.5	887070819
188	190	2.5	878706394
188	242	3.5	883639957
188	139	5.0	880817948
188	202	4.0	887636655
188	198	3.5	878836463
188	258	3.5	884318433
188	196	4.0	876490986
188	33	4.0	883608981
188	221	4.0	892993814
188	107	3.0	881281693
188	144	4.0	883039913
188	65	4.0	880006619
188	41	2.5	888665103
188	91	3.5	878628564
188	176	1.5	884824507
188	147	4.0	885352569
188	12	4.0	885091226
188	275	4.0	881888278
188	5	3.0	876598273
188	294	4.0	889918330
188	171	5.0	888570921
188	157	5.0	882107044
188	261	3.5	890089209
188	45	3.5	882308195
188	175	4.5	878222753
188	95	2.0	875331104
188	205	3.0	875730929
188	74	5.0	892648075
188	166	4.5	878817744
188	191	4.0	891357051
189	272	2.0	886329953
189	183	3.5	886504477
189	86	3.0	879897954
189	73	4.0	892109176
189	62	2.5	887836621
189	41	2.5	880630634
189	189	1.5	875623599
189	282	4.5	880982176
189	229	3.0	890986519
189	48	3.5	882983504
189	286	3.5	886266407
189	144	2.5	879013654
189	163	2.0	887258260
189	81	2.5	886544221
189	108	3.0	881878805
189	186	4.0	882597629
189	91	2.5	879702798
189	222	5.0	880394602
189	259	4.5	879783922
189	236	4.5	889579053
189	133	3.5	882336178
189	137	5.0	881103545
189	256	3.5	892247252
189	25	3.5	880573460
189	58	3.5	874772497
189	255	4.0	884365885
189	100	4.0	886924785
189	84	3.0	890618820
189	13	3.0	882175791
189	271	4.0	886604281
189	211	4.0	882291296
189	175	3.0	879060031
189	76	2.0	882329391
189	114	3.5	888925846
189	228	4.0	889046462
189	237	5.0	877647556
189	232	2.5	891746064
189	68	3.0	886469031
189	296	3.0	875891009
189	221	5.0	890479939
189	205	3.5	888049041
189	166	2.5	877799572
189	209	4.0	876367364
189	97	3.0	893220821
189	240	2.5	890130043
189	2	2.5	876253506
189	143	5.0	891886146
189	32	4.0	881014070
189	24	3.5	887780402
189	79	3.5	891429253
189	225	4.0	878777856
189	275	4.0	891692058
189	33	4.0	880039561
189	167	3.5	881432351
189	266	4.5	887513410
189	19	3.5	876019051
189	78	2.5	878035535
189	248	3.0	875199822
189	92	1.5	891213096
189	66	5.0	878908319
189	34	4.5	879958225
189	159	2.5	888026550
189	96	3.0	878072659
189	164	3.0	886610386
189	238	5.0	882182564
189	218	2.0	880861312
189	14	3.5	877732548
189	155	3.5	891266881
189	117	4.5	889312224
189	294	3.5	883520614
189	64	1.5	892647218
189	112	3.0	883390835
189	204	2.5	888231617
189	45	3.5	890779712
189	254	5.0	881445800
189	85	2.0	885606809
189	18	2.5	889576445
189	102	3.0	883537969
189	63	3.0	879121150
189	194	4.0	879595089
190	111	3.5	891225984
190	79	4.0	883978341
190	73	3.0	878232536
190	83	3.5	882654117
190	261	4.5	874936536
190	9	3.0	891017629
190	55	4.5	885302922
190	150	3.5	882412539
190	130	4.5	884955136
190	178	3.5	878819178
190	287	4.0	885594965
190	290	3.5	879707447
190	95	3.5	875179441
190	92	4.0	877131807
190	182	4.0	882098348
190	208	2.5	887655473
190	30	5.0	880580454
190	194	1.5	888189856
190	94	3.0	876648450
190	173	3.5	891794452
190	109	4.0	884348919
190	191	5.0	888122876
190	26	1.5	882416681
190	200	3.0	890613625
190	125	1.5	886984661
190	246	3.5	887680623
190	126	4.0	876847281
190	35	5.0	885255129
190	59	3.5	884014215
190	273	4.5	890701448
190	29	4.0	876235764
190	140	3.0	886855715
190	204	2.0	885409127
191	292	4.0	879286611
191	38	2.0	877738078
191	90	5.0	879746840
191	35	3.5	885042060
191	189	4.5	877183968
191	45	3.0	881495502
191	220	4.0	882900277
191	138	3.5	889152997
191	37	3.5	888265053
191	40	3.0	890252272
191	290	4.0	892575006
191	176	2.5	889955174
191	169	2.5	888347253
191	140	4.5	875943933
191	9	4.0	892281054
191	47	3.5	890648518
191	296	5.0	881959697
191	193	3.0	877214225
191	109	5.0	880260308
191	165	3.5	889031059
191	231	2.5	891184819
191	281	5.0	890960784
191	255	4.5	882486662
191	184	3.5	877405807
191	95	4.0	880944838
191	31	3.0	879148915
191	245	4.5	889416488
191	1	1.0	887790921
191	71	2.5	875674916
191	10	4.5	890172575
191	130	3.5	886103651
191	87	3.5	892522580
191	223	2.0	892668451
191	82	5.0	890668243
191	8	4.5	893001695
191	50	3.5	888829536
192	122	3.0	885099298
192	107	4.5	893003672
192	293	5.0	889329559
192	159	4.5	891381526
192	104	5.0	888177141
192	60	2.5	884715336
192	47	2.5	889751259
192	196	2.5	889828865
192	169	4.0	885110125
192	97	3.5	877711956
192	16	3.5	888810511
192	263	4.5	881479428
192	297	4.5	887665208
192	172	2.0	886386845
192	94	3.0	889040051
192	120	4.5	875858001
192	64	3.0	883345902
192	75	2.5	885818673
192	24	4.5	875832887
192	82	2.0	875498260
192	62	3.0	888371500
192	36	4.0	882920847
192	181	3.0	886569536
192	13	4.5	885285454
192	179	3.0	882126508
192	249	5.0	890504009
192	194	3.5	881408076
192	140	4.0	875987532
192	145	4.0	887680778
192	289	3.0	883864924
192	234	1.5	889039857
192	146	4.0	880981654
192	246	3.5	890307491
192	4	4.0	889534946
192	26	3.5	877378133
192	1	3.0	878412676
192	72	5.0	886740330
192	216	2.0	879333518
192	288	4.0	887480659
192	238	3.0	882198629
192	203	3.0	885498911
192	157	3.0	881633186
193	190	2.5	886424500
193	239	4.0	884176757
193	5	5.0	888614483
193	92	4.0	889308289
193	189	3.5	883046668
193	180	2.5	884741952
193	57	4.0	885811348
193	83	5.0	883506751
193	271	3.0	884527968
193	237	3.0	882153884
193	212	3.0	885039058
193	106	3.0	883361549
193	219	1.0	877173979
193	154	4.0	884970640
193	121	2.5	878795274
193	41	2.0	887996223
193	161	4.5	882931726
193	149	2.5	882860252
193	269	3.0	883397815
193	287	5.0	883978617
193	292	2.0	889854081
193	172	2.0	884290705
193	202	4.0	882321935
194	139	4.5	879703573
194	210	2.0	882222315
194	136	4.0	876557039
194	9	4.0	875643625
194	270	1.5	879470485
194	288	4.5	886662420
194	88	4.5	878302823
194	75	3.0	879300206
194	115	5.0	878576716
194	25	4.5	881571161
194	169	3.5	890209105
194	257	3.0	885909021
194	216	2.5	887927785
194	66	3.5	886678108
194	245	4.0	892467119
194	112	3.0	887864837
194	295	1.5	881110607
194	273	5.0	885823421
194	268	3.5	886045365
194	299	3.0	890540702
194	52	4.5	874802449
194	128	5.0	889161306
194	81	1.0	877371527
194	54	4.0	882053027
194	5	2.0	877032729
194	293	4.0	883485485
194	229	3.5	886820955
194	67	4.0	893265227
194	32	3.0	884735494
194	89	1.5	881071617
194	59	3.0	883427887
194	246	4.0	885705601
194	23	4.5	888030678
194	168	2.5	887740014
194	155	4.5	882149878
194	266	3.0	877564826
194	179	4.0	877156701
194	99	3.0	882201385
194	147	3.5	892912546
194	212	4.5	893204144
194	190	2.5	887172955
194	173	3.0	876337266
194	242	3.5	881593421
194	300	5.0	884677739
194	68	2.5	880884202
194	65	5.0	881116617
194	20	5.0	888394640
194	126	3.5	880011926
194	6	3.0	879279115
194	22	3.0	875848295
194	143	3.5	883068389
194	291	2.0	881264562
194	222	3.5	885127502
194	156	5.0	890076510
194	196	3.0	884547940
194	33	3.5	880868915
195	209	2.0	892728726
195	107	4.0	887026190
195	56	4.0	876299475
195	10	3.5	880206481
195	155	3.5	880160092
195	119	3.0	884131054
195	231	4.0	888888851
195	297	3.5	887839239
195	213	4.0	886077531
195	259	3.5	880803901
195	203	4.5	889772385
195	277	4.0	886024973
195	15	3.5	880076073
195	17	5.0	881401046
195	283	4.0	881470555
195	161	5.0	879203440
195	73	4.0	892183549
195	292	1.5	879869208
195	144	5.0	882568834
195	196	3.5	875037413
195	299	3.5	879297916
195	26	4.0	875269691
195	79	3.0	879235836
195	46	3.5	885804016
195	250	3.0	888189186
195	225	5.0	878342117
195	147	3.5	881956570
195	33	3.0	881583610
195	239	2.5	875058939
195	135	4.0	882432895
195	97	3.5	875461785
195	20	4.0	882088551
195	164	2.5	881343944
195	30	2.0	883235418
195	80	4.0	888424698
195	117	5.0	890443150
196	35	2.5	891340604
196	63	5.0	885499538
196	220	4.0	883463965
196	234	3.5	888613559
196	187	3.0	878277146
196	6	2.0	880861034
196	225	4.5	883573337
196	219	2.5	876403989
196	73	2.5	887687369
196	245	4.5	886796277
196	178	1.5	892898595
196	162	2.0	882354652
196	128	3.5	892737498
196	30	4.0	889512357
196	89	4.0	879894983
196	143	3.0	890467138
196	190	5.0	879702105
196	108	3.5	886115714
196	29	3.5	891696180
196	41	2.5	876875180
196	119	3.5	880760438
196	298	4.0	879944163
196	285	4.5	885349985
196	133	2.0	876070351
196	250	3.5	886242004
196	88	4.0	887652473
196	121	4.0	887951965
196	15	3.5	892635276
196	111	4.0	884178584
196	139	2.5	883271777
196	68	5.0	891741277
196	24	4.5	879671736
196	66	2.0	883026258
196	277	2.5	891014305
196	152	2.5	883083245
196	235	4.0	881020410
196	9	2.0	889870157
196	47	3.0	877285219
196	233	4.0	880976131
196	84	3.5	878071082
196	150	4.0	879086475
196	27	2.5	877561278
196	192	4.0	877608803
196	212	3.0	876306676
196	280	3.0	878725264
196	237	3.5	892539289
196	53	3.5	890088935
196	244	3.5	891955338
197	121	2.5	880613609
197	178	3.0	879492961
197	284	3.5	891241207
197	213	2.0	887737468
197	26	3.0	883265224
197	38	4.0	883105712
197	233	2.0	882117155
197	249	4.5	889971961
197	150	5.0	880824499
197	19	2.5	880212529
197	116	5.0	875444922
197	78	3.5	886828349
197	181	4.0	884430711
197	54	3.0	879746248
197	129	4.5	879568022
197	182	4.0	878515920
197	92	2.5	887330455
197	163	2.5	880635241
197	57	2.0	887370844
197	253	3.5	885478996
197	53	4.0	883471447
197	89	4.0	887559284
198	99	3.5	890269550
198	100	2.5	879897774
198	1	3.0	888435237
198	277	4.5	880508167
198	101	3.0	884678933
198	104	3.5	880760662
198	149	2.5	876159007
198	151	4.0	889202254
198	155	3.0	887374167
198	227	4.5	877274772
198	10	4.5	885972977
198	157	3.0	883422318
198	258	3.5	891984172
198	266	3.0	875632956
198	256	2.0	893220746
198	261	2.5	886121219
198	298	3.5	877982712
198	170	4.0	881252112
198	7	3.5	881595406
198	139	3.0	878313999
198	238	4.5	882208532
198	11	3.5	892787388
198	86	4.0	876081902
198	6	1.5	876187998
198	192	1.0	883872029
198	194	4.0	892657295
198	260	2.0	882255986
198	179	3.5	879993894
198	37	3.0	876879989
198	161	5.0	877533483
198	98	4.0	880656469
198	230	3.5	879819615
198	255	4.5	877890946
198	132	4.0	880526129
198	94	3.0	877283887
198	204	4.5	887210756
198	219	2.5	884659255
198	108	4.0	891883164
198	82	2.0	878504708
198	163	3.5	887223382
198	213	3.5	892787946
198	120	5.0	879880472
198	138	2.0	889335659
198	95	3.0	892959526
198	232	4.5	888722155
198	243	4.0	892702686
198	164	3.5	891485267
198	88	2.5	888195586
198	184	3.0	884722395
198	291	4.5	875007778
198	79	3.5	878213739
198	9	4.0	878406814
198	215	3.5	892536687
198	42	2.5	885687500
198	205	4.5	883520798
198	278	4.0	892751282
198	43	5.0	876687229
198	73	2.5	887792933
198	69	4.5	885103226
198	15	2.0	884978766
198	189	3.5	879206414
198	294	4.5	874756922
198	81	1.5	876153465
198	78	3.5	887752793
198	147	3.0	880686036
198	60	3.0	891585010
198	166	4.0	891429046
198	211	4.5	889563961
198	112	3.5	892321238
198	22	3.5	890845653
198	162	3.5	882930511
198	206	3.5	885250009
198	224	2.5	892199219
198	126	4.5	885706814
199	199	4.0	886645863
199	206	4.0	893285368
199	145	2.5	880155119
199	205	3.0	888748108
199	160	3.5	880459702
199	61	2.0	876820109
199	223	2.0	876725939
199	67	3.0	889861176
199	112	4.0	888082983
199	152	3.0	892642168
199	93	2.5	889226786
199	58	2.5	880228109
199	73	3.0	890072125
199	224	3.0	889359399
199	75	5.0	882914193
199	92	4.5	882346210
199	39	4.5	880674259
199	99	4.5	881664072
199	94	2.5	891555668
199	9	2.5	887655397
199	157	2.5	881564668
199	33	5.0	881921805
199	24	3.0	890953384
199	146	2.0	888398444
199	84	3.0	877519854
199	130	3.5	891691783
199	273	4.0	886006464
199	249	4.0	878551415
199	262	2.5	892922319
199	291	4.0	888230048
199	47	3.0	880664956
199	242	3.5	888067609
199	229	4.0	889987809
199	79	3.0	878239699
199	209	3.0	883040577
199	143	4.0	889289126
199	295	2.5	893251788
199	270	3.0	884948839
199	50	4.0	878370740
199	83	5.0	874752240
199	264	4.0	877220676
199	102	4.0	881095754
199	57	4.0	879927409
199	282	2.5	891697933
199	11	3.5	879987765
199	30	3.5	881473347
199	113	4.0	882294886
199	222	3.5	879836880
199	217	4.0	878051610
199	210	3.0	892863036
199	87	3.5	891773777
199	2	2.5	882234384
199	32	3.0	886446199
199	3	5.0	880993851
199	179	4.0	890196209
199	101	3.5	876848728
199	277	5.0	892453361
199	173	2.0	890725836
199	100	2.5	885642209
199	279	5.0	875388579
199	203	3.5	888349843
199	97	3.5	890907290
199	165	2.5	891267324
199	168	4.0	887664733
199	139	4.0	877911438
199	126	2.5	876182608
199	272	3.5	888901186
199	121	3.0	887147703
199	1	4.0	880329915
200	276	2.5	886466865
200	268	5.0	891417320
200	52	4.5	880703944
200	137	3.0	875282931
200	127	3.5	879780533
200	39	3.5	887837420
200	66	2.5	887370381
200	240	3.0	887094197
200	228	3.0	888121443
200	210	5.0	892638299
200	60	4.5	887625456
200	236	4.5	880456307
200	258	4.0	886599686
200	57	2.5	877885564
200	181	3.5	879367496
200	215	4.5	885585366
200	297	2.0	889764389
200	274	4.0	881574512
200	278	5.0	885061082
200	154	4.5	891744517
